Sample Name,EV1a,EV1b,EV14a,EV14b,EV37a,EV37b,GATA28a,GATA28b,GATA98a,GATA98b,GT23a,GT23b,RW18a,RW18b,RW31a,RW31b,RW410a,RW410b,RW48a,RW48b,TR3F4a,TR3F4b,TR3G1a,TR3G1b,TR3G2a,TR3G2b
Eau09AI169,122,138,135,137,187,199,162,174,112,116,116,116,187,215,117,123,191,203,118,124,329,333,206,230,184,184
Eau08AI126,122,126,129,141,197,199,166,178,120,124,110,118,189,195,123,125,197,211,124,126,313,317,222,238,168,180
Eau07AI204,126,140,129,129,189,199,162,170,112,116,112,114,193,195,119,125,197,209,108,122,305,345,222,222,172,176
Eau09AI233,124,130,137,147,195,201,166,170,112,120,114,116,193,195,123,125,199,205,120,124,301,305,222,226,176,184
Eau08AI009,136,148,122,133,191,199,166,180,104,116,112,116,187,213,125,125,211,211,118,124,305,333,210,222,180,184
Eau07AI022,122,138,133,139,193,197,166,178,0,0,116,116,0,0,125,127,199,210,118,124,305,308,0,0,172,172
Eau06AI048,124,126,133,137,203,205,170,174,108,116,114,118,189,193,119,123,195,199,108,122,333,350,206,222,176,184
Eau09AI193,126,136,135,139,189,203,174,178,112,116,114,120,187,195,123,123,205,209,118,118,305,321,234,238,180,180
Eau06AI092,134,142,133,133,199,199,174,178,116,116,110,116,187,225,121,125,195,205,108,120,317,317,206,222,0,0
Eau09AI167,124,126,133,137,195,199,174,174,116,116,110,116,199,241,123,125,205,209,118,124,301,333,234,238,180,184
Eau09AI064,122,132,133,141,203,203,178,184,104,108,112,118,187,193,0,0,191,199,118,120,301,305,222,238,172,184
Eau09AI112,126,126,133,133,195,203,162,166,116,116,116,118,193,195,123,125,195,209,108,118,305,305,202,206,176,184
Eau09AI199,126,128,133,133,195,203,166,178,112,112,110,116,195,199,121,121,195,211,122,126,305,309,214,242,168,176
Eau09AI016,132,148,129,129,203,207,174,178,108,112,116,118,193,195,117,125,205,205,118,126,301,353,206,242,172,180
Eau09AI210,134,134,133,133,191,193,174,178,116,116,112,114,193,195,123,125,195,199,118,120,309,333,206,210,172,172
Eau09AI154,126,126,122,135,199,205,166,166,108,120,116,118,193,193,125,125,195,211,118,126,317,317,222,242,168,172
Eau09AI143,134,158,122,135,193,201,166,180,104,116,110,112,193,199,125,125,195,207,108,120,317,317,210,238,176,184
Eau09AI125,126,126,122,129,193,203,166,178,112,112,114,116,187,195,117,125,197,205,118,124,301,329,210,238,172,172
Eau09AI089,136,158,133,139,189,199,166,178,108,112,0,0,193,199,121,123,199,211,118,126,305,317,210,238,172,172
Eau09AI017,134,140,131,131,191,199,162,166,104,120,114,114,189,195,121,125,195,209,106,120,305,305,222,242,168,176
Eau09AI098,122,122,131,141,193,203,162,170,104,112,114,114,195,195,125,125,205,209,118,122,305,341,214,242,172,180
Eau09AI130,122,122,135,135,201,207,166,178,112,116,112,116,193,193,123,125,211,211,118,122,308,309,238,242,172,180
Eau09AI087,122,148,122,122,189,189,178,180,108,120,110,112,199,199,121,121,203,203,118,120,301,309,222,234,172,184
Eau09AI105,124,138,133,133,199,207,174,174,116,116,110,114,187,187,121,125,195,205,118,124,317,317,222,250,180,180
Eau07AI115,126,130,122,135,201,201,162,166,120,120,114,118,189,193,123,123,201,205,118,120,313,317,0,0,176,180
Eau07AI233,134,148,133,135,191,201,170,174,108,116,116,120,187,193,117,123,195,211,120,124,301,320,214,222,0,0
Eau97AI035,122,140,133,133,191,201,174,174,112,112,114,118,189,193,119,123,195,211,120,124,305,309,0,0,176,184
Eau98AI116,122,138,133,135,193,199,174,174,108,116,108,114,0,0,119,123,195,203,120,122,305,313,218,226,180,184
Eau97AI013,122,138,129,133,193,201,0,0,104,108,112,118,189,199,123,127,205,209,120,122,301,305,0,0,168,176
Eau95AI066,130,132,135,141,203,203,166,174,112,116,114,114,187,195,117,123,197,201,120,120,305,325,202,242,172,184
Eau95AI013,122,126,133,135,201,207,166,186,112,112,114,116,187,193,123,125,195,211,0,0,308,308,206,242,172,176
Eau95AI034,126,134,133,141,193,193,174,182,116,120,116,118,193,193,121,123,191,205,120,126,305,316,222,242,168,176
Eau95AI027,126,136,133,135,0,0,166,174,116,116,112,116,199,215,123,125,191,205,0,0,301,305,222,238,168,176
Eau98AI061,136,148,131,139,189,193,166,178,116,120,106,114,193,225,121,123,203,211,122,124,305,320,206,238,172,176
Eau95AI009,134,136,129,131,199,199,166,166,112,116,116,120,0,0,123,125,207,209,0,0,305,305,218,218,180,184
Eau96AI028,122,126,122,133,189,191,178,180,0,0,112,116,193,199,121,127,195,203,118,120,301,309,214,222,172,184
Eau95AI006,122,126,133,137,191,205,166,178,112,116,108,112,193,195,125,125,205,209,0,0,305,309,214,222,180,180
Eau97AI004,132,146,131,133,201,203,170,178,104,112,110,116,193,195,125,125,195,211,108,118,305,353,242,242,176,184
Eau95AI008,122,148,120,129,189,191,0,0,116,116,116,120,193,195,125,125,199,211,122,124,301,325,206,234,176,184
Eau96AI018,126,134,129,135,199,205,170,170,108,112,112,116,193,227,123,125,209,209,118,124,305,309,202,206,172,176
Eau97AI033,128,146,133,133,191,199,174,178,112,112,112,114,193,231,121,125,203,211,118,120,329,353,206,222,168,184
Eau96AI019,126,132,135,139,193,199,166,174,108,116,110,116,193,195,123,123,197,205,108,118,308,333,238,238,172,172
Eau97AI037,124,138,133,133,189,199,166,178,116,116,110,116,187,217,125,125,195,207,118,124,301,329,206,222,176,180
Eau98AI101,122,124,129,139,189,197,166,178,116,116,116,116,187,231,123,125,203,205,120,120,305,308,210,222,176,176
Eau08AI048,122,122,129,133,197,203,174,178,112,116,116,116,187,195,123,125,195,211,120,124,301,305,206,234,168,176
Eau07AI120,144,148,133,135,191,203,166,178,112,116,114,114,195,195,121,125,195,197,118,118,305,317,206,206,172,176
Eau08AI202,126,142,133,133,199,203,174,178,112,112,0,0,189,231,123,125,207,211,118,120,301,333,222,234,176,180
Eau07AI063,124,126,133,135,203,203,174,178,108,112,116,120,189,193,121,123,197,211,120,122,0,0,210,238,0,0
Eau06AI015,126,132,133,133,193,207,178,178,112,116,114,118,193,231,121,125,209,211,120,122,301,305,206,222,176,184
Eau06AI017,122,126,137,141,187,203,174,174,112,120,116,118,187,187,123,123,191,209,124,126,0,0,210,234,172,184
Eau06AI019,126,126,129,129,195,203,166,178,108,112,114,120,195,199,117,123,205,205,120,126,301,301,0,0,172,176
Eau06AI030,126,134,137,141,193,203,174,178,112,116,110,118,193,199,123,123,205,211,108,126,301,308,206,206,172,184
Eau06AI031,126,126,129,133,199,203,166,170,108,112,112,120,193,195,117,123,195,197,122,122,0,0,234,238,168,172
Eau06AI032,126,130,0,0,191,201,166,178,108,112,112,116,195,199,117,125,195,211,118,118,301,317,206,206,176,180
Eau06AI033,126,128,0,0,191,207,166,178,112,116,112,116,193,195,125,125,197,199,118,120,301,317,222,222,172,172
Eau06AI046,132,148,133,137,201,203,166,170,108,116,118,118,195,245,117,123,197,211,118,124,309,345,206,234,172,172
Eau06AI055,122,126,0,0,201,207,166,178,104,108,114,120,199,199,123,125,195,199,106,124,301,317,222,238,172,172
Eau06AI056,126,144,129,133,203,207,166,174,116,116,114,114,187,199,117,119,191,209,106,118,301,309,218,234,172,176
Eau06AI057,124,134,135,141,189,195,166,178,112,116,116,116,187,193,121,125,205,209,120,120,0,0,222,234,0,0
Eau06AI059,122,126,133,141,189,203,166,178,116,116,108,110,193,213,121,131,191,211,124,124,305,313,222,238,168,180
Eau06AI061,124,128,122,133,191,199,166,170,104,108,112,116,189,193,121,125,191,197,120,120,313,337,206,234,172,172
Eau06AI066,122,126,133,137,193,205,162,166,112,112,114,116,199,217,123,125,203,205,108,118,333,345,202,242,168,184
Eau06AI068,124,126,122,135,189,199,166,180,116,116,114,116,199,217,125,125,195,203,118,120,301,305,222,250,168,184
Eau06AI070,136,136,131,133,191,191,178,178,104,112,112,112,189,195,125,125,195,207,120,124,301,305,206,230,0,0
Eau06AI079,122,122,141,141,197,203,166,184,104,116,110,116,187,195,123,125,205,210,118,124,305,308,222,222,172,172
Eau06AI081,144,144,131,133,195,203,178,178,112,120,118,120,0,0,123,125,205,207,118,120,0,0,206,238,172,176
Eau06AI082,0,0,122,133,201,203,166,180,116,116,110,112,199,239,125,125,195,203,108,120,301,305,222,234,168,176
Eau06AI085,126,126,133,137,201,203,162,166,108,108,0,0,0,0,123,125,197,205,118,118,0,0,222,234,172,184
Eau06AI089,122,134,131,135,189,201,174,174,116,116,110,114,187,199,125,125,205,207,108,124,0,0,234,238,176,180
Eau06AI091,122,130,122,133,201,205,166,170,104,116,110,114,193,199,121,123,205,207,108,118,301,305,238,238,172,180
Eau06AI096,126,142,133,135,191,207,162,166,112,116,116,116,193,199,123,123,195,211,108,124,301,317,0,0,168,172
Eau06AI098,126,132,133,135,199,201,162,166,116,116,106,116,193,217,117,119,195,201,108,124,313,333,206,206,168,172
Eau06AI099,122,148,133,141,187,193,166,166,112,124,106,116,187,193,123,125,191,209,118,120,305,305,218,222,172,176
Eau06AI100,126,126,133,133,187,191,178,178,112,112,112,116,195,195,123,125,203,207,118,124,305,305,234,238,176,180
Eau06AI101,126,136,129,133,199,199,174,178,116,116,110,118,193,193,119,125,199,201,108,118,301,305,222,222,172,184
Eau06AI102,130,132,131,133,189,207,174,174,112,116,110,110,187,195,125,125,205,211,108,120,305,329,0,0,172,176
Eau06AI107,122,124,133,141,189,203,166,174,112,116,106,110,193,199,123,125,195,209,118,122,309,317,210,222,168,184
Eau06AI109,126,148,0,0,191,207,0,0,104,116,112,118,195,231,125,125,195,211,120,124,305,305,222,222,176,184
Eau06AI110,122,134,135,139,201,207,178,178,116,116,116,120,187,195,125,125,205,211,118,124,301,305,210,222,172,184
Eau06AI111,0,0,133,133,197,203,162,178,108,112,114,116,193,199,121,125,209,209,118,122,329,345,0,0,176,180
Eau06AI112,126,126,133,141,201,203,178,178,104,116,114,114,193,195,125,127,195,205,118,126,305,333,210,218,172,172
Eau06AI115,124,138,122,122,193,195,178,178,108,116,114,116,193,193,123,125,195,197,118,118,301,301,206,218,168,172
Eau06AI116,122,126,133,139,199,201,174,174,112,116,114,118,199,199,125,125,205,205,108,122,301,329,234,234,172,180
Eau06AI118,0,0,129,133,203,203,166,178,104,124,116,118,195,195,123,123,207,210,108,122,301,317,206,222,172,172
Eau06AI121,122,136,137,137,195,201,170,178,112,112,114,116,193,195,125,125,205,205,118,120,301,316,214,238,172,176
Eau06AI122,122,122,133,135,191,193,162,166,108,116,116,116,193,195,119,123,205,209,108,120,305,317,206,226,176,184
Eau06AI123,126,126,122,122,193,205,166,166,112,124,112,118,193,193,125,127,197,199,106,120,317,317,222,222,168,184
Eau06AI125,122,124,133,137,193,195,166,170,104,120,114,116,193,193,119,119,195,209,106,120,305,325,226,242,172,176
Eau06AI128,126,140,122,133,201,205,178,180,108,112,118,120,193,245,0,0,197,205,108,122,305,333,0,0,180,184
Eau06AI130,122,142,129,133,193,201,178,178,108,120,114,114,193,199,123,125,207,209,118,124,309,309,222,238,176,180
Eau06AI132,122,132,133,139,189,195,170,178,116,120,116,116,193,193,123,125,191,209,106,124,301,333,238,238,176,184
Eau06AI135,122,148,133,135,197,205,168,178,112,116,114,116,187,193,125,125,205,207,120,120,305,325,218,222,172,176
Eau06AI141,126,126,135,139,187,199,170,186,112,112,114,116,193,195,123,125,205,209,108,120,301,305,222,222,172,172
Eau07AI004,140,148,133,133,203,203,166,170,104,104,112,114,0,0,121,125,205,209,122,126,301,301,0,0,180,184
Eau07AI005,126,136,131,137,193,203,166,174,112,116,116,120,193,195,123,125,197,205,108,122,305,312,234,238,176,180
Eau07AI007,122,130,133,141,203,203,166,174,116,116,116,116,193,199,123,123,197,197,118,122,0,0,0,0,172,180
Eau07AI023,126,142,122,139,199,203,166,170,116,116,114,114,187,187,123,125,203,205,108,108,301,305,222,238,172,172
Eau07AI030,126,128,129,133,189,197,166,174,108,124,114,118,193,199,0,0,195,205,118,120,301,337,210,222,180,188
Eau07AI031,140,148,133,139,189,199,166,178,108,112,0,0,187,189,121,125,197,211,118,120,305,305,206,238,168,176
Eau07AI034,126,128,133,133,189,203,170,178,116,116,116,116,0,0,119,123,205,205,118,120,320,329,222,238,172,176
Eau07AI035,122,122,133,137,189,193,174,178,104,124,114,116,195,231,123,125,197,211,120,126,305,305,218,218,176,176
Eau07AI036,122,140,0,0,193,199,0,0,116,120,116,118,189,193,123,125,195,205,120,124,317,329,0,0,172,180
Eau07AI039,126,132,133,133,195,203,170,178,116,124,114,116,187,193,123,125,203,211,108,118,317,317,210,218,168,180
Eau07AI046,0,0,133,133,189,201,170,170,104,112,114,118,195,231,123,125,203,211,118,126,305,305,206,238,176,188
Eau07AI051,144,144,135,139,199,201,166,178,116,116,110,114,199,199,0,0,195,211,120,120,345,353,214,218,176,176
Eau07AI058,126,140,122,133,189,207,166,180,108,112,108,116,187,193,117,121,203,211,108,118,309,313,206,234,168,180
Eau07AI060,122,142,129,133,189,189,170,178,116,116,114,116,187,193,125,125,195,197,124,124,301,317,222,234,176,184
Eau07AI064,136,142,129,141,203,207,174,178,112,116,114,118,193,195,121,123,195,209,120,146,305,309,202,206,172,180
Eau07AI065,122,144,133,137,193,207,174,174,116,124,112,116,187,195,123,137,195,195,120,124,301,305,214,238,180,184
Eau07AI081,122,140,129,141,203,203,166,178,116,120,108,108,193,213,121,123,211,211,120,124,305,305,222,238,168,180
Eau07AI083,122,130,133,133,195,199,166,178,112,112,116,120,189,195,123,125,200,203,122,124,301,309,210,210,172,188
Eau07AI096,132,136,131,133,193,203,166,178,112,116,112,114,0,0,119,123,203,209,120,122,305,305,206,206,172,176
Eau07AI097,122,148,133,135,189,201,166,182,116,116,112,116,193,195,123,125,195,211,0,0,0,0,206,206,0,0
Eau07AI103,132,146,131,137,195,207,170,174,112,116,112,114,199,215,125,125,195,209,108,120,301,333,206,222,176,176
Eau07AI105,132,158,133,133,193,199,174,178,116,120,0,0,193,199,123,127,203,209,108,108,329,333,202,210,168,168
Eau07AI106,132,140,135,137,195,195,170,180,104,112,112,114,193,195,125,127,195,205,120,120,301,305,238,238,172,172
Eau07AI110,126,128,122,133,195,201,166,178,112,124,112,116,193,195,123,125,195,203,118,120,317,329,218,238,168,184
Eau07AI113,130,136,129,139,193,193,166,178,0,0,114,118,193,193,121,125,199,211,118,120,305,305,222,222,172,176
Eau07AI119,124,126,0,0,195,203,174,174,112,116,116,118,187,189,123,125,197,209,118,124,301,305,214,222,176,184
Eau07AI127,130,142,137,137,203,203,162,178,108,112,0,0,0,0,123,123,0,0,118,120,305,313,202,242,176,180
Eau07AI133,130,134,133,135,197,207,166,170,116,120,116,116,0,0,123,131,207,210,118,120,301,305,206,222,172,180
Eau07AI145,126,136,137,137,189,203,166,174,116,120,110,116,199,199,125,137,199,199,108,124,301,309,234,250,176,184
Eau07AI158,124,140,120,133,189,189,166,180,112,120,112,118,193,193,121,123,205,205,108,124,305,309,222,238,168,180
Eau07AI160,126,140,129,137,189,201,166,178,108,120,108,112,193,195,121,125,210,211,118,120,301,305,222,238,172,176
Eau07AI161,122,148,135,137,201,203,166,178,116,116,116,116,193,197,121,123,195,199,118,120,301,305,222,226,176,184
Eau07AI162,134,142,137,137,203,203,174,174,112,112,114,116,195,221,123,125,205,209,120,120,301,345,206,214,176,180
Eau07AI165,126,136,135,141,187,203,166,166,116,120,106,116,193,199,123,125,205,205,108,122,301,305,238,238,168,172
Eau07AI168,0,0,129,133,195,203,166,170,108,116,112,120,187,193,125,125,197,210,118,118,320,333,222,238,184,184
Eau07AI176,134,138,133,133,199,201,166,182,116,116,114,116,193,199,121,125,191,195,108,124,0,0,218,222,168,176
Eau07AI183,0,0,131,133,195,199,166,178,116,116,110,110,193,193,0,0,201,203,122,124,305,305,222,222,172,180
Eau07AI185,130,132,135,141,195,203,166,174,116,120,116,120,189,193,121,125,195,197,118,120,309,345,206,238,176,180
Eau07AI211,0,0,122,135,189,203,170,174,112,116,114,120,187,225,123,125,205,209,108,118,305,320,234,238,172,180
Eau07AI224,126,128,122,133,193,201,166,178,104,120,110,116,195,195,123,125,195,199,108,126,317,329,206,222,184,184
Eau08AI008,146,158,122,133,189,203,170,174,112,116,0,0,193,195,123,123,205,211,120,122,309,321,234,234,172,184
Eau08AI019,122,140,122,135,193,205,170,180,112,112,108,116,195,199,117,121,195,205,118,120,305,305,214,234,172,172
Eau08AI034,144,144,137,141,193,203,166,178,104,116,110,114,187,199,123,125,187,199,122,124,301,309,206,222,172,184
Eau08AI037,130,134,131,141,191,203,162,170,116,120,112,116,189,213,121,125,209,209,108,120,305,309,210,222,172,176
Eau08AI042,122,126,129,133,193,203,166,174,108,116,110,112,189,193,123,125,197,205,118,122,301,317,222,222,172,172
Eau08AI046,126,142,122,139,203,205,174,174,116,116,110,118,193,193,123,125,203,205,118,120,305,321,210,238,180,184
Eau08AI050,122,126,137,139,193,207,174,178,112,116,106,118,0,0,117,123,195,209,122,122,305,320,210,238,168,168
Eau08AI059,122,134,133,141,199,203,174,186,112,112,110,114,193,199,123,125,207,209,108,146,309,320,202,222,168,176
Eau08AI060,122,148,129,133,195,201,178,178,112,124,112,118,0,0,123,125,197,205,122,124,301,329,206,206,172,176
Eau08AI061,130,134,137,141,189,207,166,178,112,116,112,114,187,193,123,125,191,195,118,124,313,329,214,218,180,184
Eau08AI062,140,142,133,139,201,203,166,174,116,116,106,116,187,187,121,125,209,211,120,122,305,333,218,222,172,176
Eau08AI063,126,130,133,139,193,203,166,174,116,120,116,116,193,193,123,125,197,205,118,120,301,337,0,0,168,180
Eau08AI069,122,130,137,141,195,203,174,174,0,0,118,118,193,193,117,125,205,205,122,122,301,305,214,214,176,180
Eau08AI072,122,134,133,137,193,205,170,178,112,120,114,118,187,189,125,125,195,209,118,120,325,337,206,206,172,172
Eau08AI087,126,148,141,141,195,201,174,178,112,116,114,118,187,193,117,121,191,209,122,126,301,317,206,210,176,184
Eau08AI095,126,142,122,137,189,203,174,178,0,0,110,118,193,193,123,123,205,211,108,118,308,317,0,0,168,184
Eau08AI109,124,148,129,133,195,201,166,166,112,120,110,116,189,199,117,125,195,207,118,118,305,317,222,234,176,176
Eau08AI113,130,136,135,135,193,193,178,186,112,116,114,116,189,189,123,123,195,205,118,122,301,329,222,222,176,176
Eau08AI124,0,0,122,135,0,0,166,178,108,116,114,120,187,213,123,125,211,211,108,120,301,309,210,238,168,180
Eau08AI125,0,0,133,141,189,193,170,178,104,112,116,118,189,193,121,123,191,201,122,126,305,333,234,234,176,180
Eau08AI127,124,136,133,133,203,203,178,178,116,116,114,116,0,0,123,125,199,205,118,118,333,333,218,238,172,176
Eau08AI128,126,126,133,141,193,203,170,174,116,116,106,112,0,0,123,123,209,211,120,146,305,320,202,210,168,180
Eau08AI130,126,132,131,133,189,199,162,170,104,108,116,120,193,193,123,125,191,199,122,124,305,313,222,234,168,172
Eau08AI132,136,136,133,137,193,203,174,178,104,112,112,118,195,195,123,125,205,210,118,126,333,341,0,0,172,176
Eau08AI142,126,142,133,133,195,203,178,178,112,116,116,116,209,225,123,123,205,211,118,122,305,313,214,222,176,184
Eau08AI148,122,126,129,135,191,199,0,0,112,116,116,118,189,195,125,125,209,209,108,124,301,309,0,0,180,180
Eau08AI170,126,146,133,137,195,203,174,178,112,116,0,0,187,215,121,125,195,205,118,120,308,320,238,238,172,176
Eau08AI178,126,142,133,141,193,201,162,166,108,116,112,116,193,195,125,125,195,205,118,120,301,305,222,238,176,184
Eau08AI185,126,140,131,133,189,193,174,174,116,120,108,112,187,215,123,125,203,210,108,120,309,317,222,250,168,172
Eau08AI186,128,136,129,137,189,207,166,186,112,116,0,0,193,193,125,125,205,210,118,122,301,333,0,0,168,172
Eau08AI197,122,148,133,133,193,193,166,174,116,124,0,0,195,233,123,125,195,195,120,120,301,301,206,238,172,184
Eau08AI199,124,126,122,133,201,203,166,170,116,116,108,116,193,195,125,131,205,211,118,118,313,317,206,222,168,180
Eau08AI201,140,142,133,133,189,195,162,166,112,112,0,0,187,231,123,125,195,195,118,122,305,317,206,238,176,184
Eau09AI002,134,136,135,139,193,201,174,174,116,116,110,120,187,193,123,123,207,211,118,120,305,317,210,222,176,180
Eau09AI008,0,0,133,137,195,205,166,170,112,116,110,114,193,199,121,123,195,205,118,118,301,308,206,238,168,176
Eau09AI021,126,158,135,139,187,201,174,178,112,116,114,120,189,195,121,131,203,207,120,126,301,313,210,210,172,180
Eau09AI023,124,124,133,141,189,199,166,178,112,116,108,114,193,195,125,131,195,211,118,122,301,313,206,218,168,184
Eau09AI028,126,126,129,141,201,203,166,178,112,116,114,116,195,199,123,125,199,205,108,118,317,333,202,222,168,180
Eau09AI037,122,128,135,141,191,195,166,178,116,116,114,118,187,195,121,123,195,211,108,124,305,317,214,222,168,172
Eau09AI039,126,142,122,129,195,205,178,180,116,120,114,118,199,199,123,125,195,203,118,124,317,333,222,242,168,180
Eau09AI054,126,148,133,137,193,203,162,178,104,108,106,114,187,189,125,125,197,205,108,118,317,317,234,238,172,172
Eau09AI060,122,144,137,139,189,203,170,174,104,116,116,116,193,195,119,123,197,207,120,124,301,305,222,238,168,172
Eau09AI070,134,148,133,141,203,203,166,174,108,120,114,120,189,243,123,123,205,205,120,124,301,329,222,234,172,184
Eau09AI077,126,148,129,133,195,205,178,178,112,116,112,116,195,199,123,125,205,205,120,124,301,329,206,206,172,176
Eau09AI080,130,136,133,139,203,203,166,174,116,120,114,120,193,195,123,125,197,209,118,118,305,309,206,242,172,180
Eau09AI085,130,138,133,137,195,207,174,178,104,108,110,112,189,193,117,137,209,211,108,124,309,333,202,242,172,184
Eau09AI091,126,148,135,139,201,207,0,0,112,116,114,116,189,219,123,125,0,0,120,122,301,305,210,238,172,172
Eau09AI097,126,148,137,141,193,199,178,178,108,116,114,118,189,199,119,125,199,205,122,122,305,317,238,242,168,180
Eau09AI101,122,136,129,133,195,201,162,178,108,116,114,116,187,199,123,123,205,205,122,122,301,313,222,222,168,172
Eau09AI102,122,122,133,133,195,201,174,178,112,112,114,116,189,199,123,123,201,211,120,124,305,317,206,242,168,168
Eau09AI103,126,146,133,133,199,201,166,174,112,112,114,120,193,227,123,125,205,211,118,118,305,305,202,222,176,180
Eau09AI113,122,126,133,133,203,205,174,178,108,116,114,120,193,209,123,125,201,209,118,122,317,337,210,210,180,180
Eau09AI115,132,138,135,135,203,203,166,166,112,116,116,120,187,189,117,125,197,205,108,118,301,301,238,238,176,176
Eau09AI116,122,124,133,137,195,203,174,178,108,108,116,120,193,195,121,123,197,199,120,122,321,337,202,238,176,180
Eau09AI119,126,148,133,133,201,207,162,178,108,112,112,114,195,231,123,123,207,211,120,124,309,353,242,242,176,176
Eau09AI121,122,126,133,141,203,203,166,178,108,112,114,116,0,0,123,125,197,211,118,118,301,345,222,242,168,176
Eau09AI123,126,140,122,133,191,195,170,186,116,116,110,112,193,193,123,127,203,207,118,118,305,329,202,238,172,176
Eau09AI133,130,148,131,135,191,201,174,178,104,116,116,118,193,195,123,125,195,201,118,122,305,308,226,242,172,176
Eau09AI136,124,126,131,141,199,207,170,174,116,124,114,116,193,199,125,125,205,211,108,108,316,333,206,238,168,172
Eau09AI139,124,148,129,141,197,203,174,178,108,112,114,116,187,193,125,131,199,211,124,124,301,305,222,222,168,184
Eau09AI144,122,144,133,137,193,195,166,166,116,120,110,114,193,209,123,127,205,207,108,122,301,305,206,214,176,180
Eau09AI148,124,132,133,141,195,203,166,166,112,112,114,116,193,193,121,123,195,211,118,120,305,317,202,242,172,184
Eau09AI150,122,124,120,141,199,203,166,178,108,116,118,120,187,231,121,125,191,191,118,124,301,313,218,234,168,176
Eau09AI152,126,148,141,141,189,193,170,178,108,116,116,118,193,193,125,127,203,210,108,124,309,309,210,222,184,184
Eau09AI165,138,144,133,141,193,207,162,166,112,116,112,116,187,193,121,125,209,209,120,120,301,305,234,238,176,184
Eau09AI168,122,132,133,133,203,205,178,186,112,120,116,118,189,195,123,125,205,211,120,120,317,329,222,222,168,180
Eau09AI178,132,142,133,133,203,203,174,178,112,116,110,120,187,195,125,125,205,211,108,120,317,329,222,238,180,180
Eau09AI181,134,136,133,141,187,197,174,178,124,124,112,116,193,199,123,125,195,205,118,118,305,313,210,238,172,172
Eau09AI182,122,136,133,133,0,0,178,178,0,0,114,118,189,195,125,125,201,205,108,122,333,345,222,222,172,172
Eau09AI186,126,126,135,141,193,201,162,166,112,116,116,118,193,193,123,123,191,197,108,120,313,317,206,242,172,180
Eau09AI191,122,142,135,139,187,203,166,174,108,112,116,120,193,225,123,125,203,209,118,118,301,305,234,238,168,172
Eau09AI196,124,142,135,141,203,203,166,178,108,108,110,112,193,199,123,123,200,211,124,156,301,317,206,238,172,184
Eau09AI197,122,126,133,135,191,201,166,178,116,116,112,114,193,193,125,125,199,199,118,120,325,333,206,222,172,180
Eau09AI198,142,148,133,137,201,203,166,170,116,116,110,118,195,199,123,125,205,211,118,124,301,345,222,238,176,184
Eau09AI200,136,148,135,137,193,207,166,174,104,116,114,118,195,213,123,125,211,211,122,126,301,309,210,242,176,180
Eau09AI203,126,130,133,135,195,203,166,178,112,120,116,120,193,231,123,125,197,205,118,122,301,329,238,242,180,184
Eau09AI207,124,132,133,133,189,203,166,178,116,116,110,114,199,239,123,125,195,211,108,118,305,329,206,238,172,184
Eau09AI212,122,132,133,135,191,201,166,186,112,116,114,114,187,193,125,125,195,195,120,122,301,308,222,242,172,172
Eau09AI214,126,128,129,133,189,203,174,182,116,116,110,118,189,193,123,123,195,205,108,108,301,305,206,222,172,180
Eau09AI219,122,142,133,133,187,199,162,166,108,112,110,116,187,233,125,125,197,197,120,124,301,337,206,210,168,172
Eau09AI220,122,132,135,141,191,203,170,184,104,116,110,112,189,193,123,125,199,205,108,118,305,305,222,242,172,172
Eau09AI224,122,136,133,141,199,207,174,178,108,112,116,118,193,199,121,123,195,205,122,124,301,301,206,250,172,176
Eau09AI226,136,142,129,133,199,201,174,178,116,116,110,118,193,193,123,123,195,205,118,120,305,305,206,206,172,172
Eau09AI229,122,126,133,141,189,193,174,178,116,116,114,116,187,193,121,123,199,205,118,120,309,333,0,0,172,172
Eau09AI230,136,140,131,135,199,199,174,178,112,120,108,114,193,195,123,131,205,211,120,120,305,317,214,238,172,184
Eau09AI231,126,144,122,129,193,203,162,166,112,120,110,118,193,193,119,125,197,205,118,118,301,309,206,238,180,184
Eau09AI236,126,130,133,133,191,193,170,170,116,120,116,118,187,199,119,127,197,210,118,120,301,316,234,242,172,176
Eau09AI241,124,148,131,133,189,207,162,174,112,116,106,116,199,231,123,123,191,211,122,126,317,333,206,238,176,176
Eau09AI243,126,140,122,141,199,207,166,174,112,112,110,112,193,199,123,125,209,211,120,120,301,317,206,242,176,180
Eau09AI248,126,142,133,135,203,207,166,180,108,116,116,116,189,193,123,125,197,201,108,118,301,337,202,242,172,180
Eau95AI004,122,122,135,141,189,199,174,178,112,112,106,114,193,193,121,125,195,203,122,126,301,301,234,238,176,184
Eau95AI010,124,142,122,139,189,189,178,182,112,116,106,110,193,193,125,125,211,211,0,0,301,317,206,210,180,184
Eau95AI014,126,148,135,141,193,203,166,170,112,116,116,116,187,193,125,125,197,197,0,0,301,301,0,0,180,184
Eau95AI015,122,128,131,133,191,205,170,178,112,116,108,116,189,189,121,123,195,201,0,0,316,320,222,234,172,172
Eau95AI016,140,158,122,135,191,201,170,180,116,116,110,112,187,193,125,127,207,209,118,120,305,317,206,234,176,176
Eau95AI019,126,142,133,133,195,203,166,174,112,112,112,114,0,0,125,125,207,209,118,118,309,329,234,238,168,168
Eau95AI024,122,126,135,141,199,203,162,170,116,116,116,120,0,0,125,129,197,205,106,124,308,341,222,250,176,184
Eau95AI033,124,126,133,135,199,207,166,174,116,116,110,114,193,193,123,125,205,211,108,118,301,320,222,222,172,176
Eau95AI035,140,158,133,135,195,199,166,178,104,120,108,112,193,197,127,127,203,210,0,0,320,329,210,238,168,176
Eau95AI036,140,146,122,133,199,205,166,180,112,112,108,110,193,199,123,123,205,205,0,0,309,333,214,214,168,180
Eau95AI038,122,130,120,122,201,205,174,178,112,116,108,114,193,217,125,125,205,205,108,122,308,308,214,226,172,180
Eau95AI039,126,136,133,133,191,203,178,178,112,116,112,120,193,225,123,127,205,209,120,122,301,305,218,238,172,176
Eau95AI044,126,130,122,141,195,203,174,174,108,112,114,116,193,193,121,125,197,201,108,124,301,305,238,238,180,184
Eau95AI048,0,0,129,135,191,203,174,178,116,116,116,118,187,193,123,125,199,210,106,118,320,337,206,222,172,180
Eau95AI050,134,144,133,137,195,203,166,178,112,120,118,118,189,233,125,125,195,211,0,0,305,313,214,222,168,176
Eau95AI052,126,132,131,133,199,203,174,174,116,116,110,120,193,193,123,125,203,203,0,0,305,308,234,234,168,172
Eau95AI053,132,136,133,135,199,203,170,178,116,120,112,114,195,195,125,125,205,209,0,0,305,333,234,238,180,180
Eau95AI056,118,122,133,137,187,199,170,170,112,112,114,114,0,0,119,123,195,209,0,0,305,329,226,242,176,176
Eau95AI062,122,146,133,133,189,201,166,174,112,112,110,114,193,195,117,125,191,205,118,118,301,333,234,234,172,172
Eau95AI063,132,148,129,135,203,203,178,186,112,120,120,120,0,0,117,121,197,199,0,0,301,305,242,242,172,180
Eau96AI001,126,136,131,139,191,205,166,174,112,116,106,114,0,0,123,125,0,0,0,0,321,329,222,238,172,176
Eau96AI003,122,124,133,137,189,203,178,182,104,112,116,116,199,225,121,123,209,211,122,124,301,308,222,238,172,176
Eau96AI004,134,136,131,139,195,201,162,166,116,116,114,116,195,215,123,125,195,197,0,0,305,313,222,238,172,176
Eau96AI009,122,148,120,133,201,201,166,178,116,116,114,114,193,195,125,125,199,211,120,122,301,325,206,222,180,180
Eau96AI010,122,142,129,137,189,203,174,178,116,116,114,118,187,217,121,125,199,205,120,122,301,308,206,206,180,180
Eau96AI024,122,148,122,133,195,197,166,166,116,120,114,116,187,187,123,125,203,211,118,122,305,317,206,222,168,172
Eau96AI025,126,126,137,137,193,203,162,178,108,116,112,116,193,195,119,125,209,210,118,118,301,309,238,238,172,172
Eau96AI037,130,148,131,137,0,0,162,174,112,116,112,114,187,193,123,127,195,197,118,124,301,316,0,0,176,180
Eau96AI038,126,140,133,139,0,0,166,174,104,112,116,120,189,233,125,125,191,197,122,124,301,305,206,222,176,176
Eau96AI039,124,148,133,137,0,0,166,166,108,116,110,118,189,193,0,0,195,205,124,126,308,320,206,222,176,184
Eau96AI040,122,132,0,0,0,0,162,168,116,124,0,0,187,199,117,123,191,197,118,124,313,333,238,250,172,184
Eau96AI041,122,138,131,131,195,201,170,174,116,124,114,114,187,195,123,125,197,207,118,124,309,333,242,242,172,176
Eau96AI042,122,148,122,133,201,201,166,170,112,120,116,116,193,195,123,125,197,207,120,122,301,333,0,0,172,172
Eau97AI003,126,138,133,141,199,201,166,174,112,116,116,116,193,195,125,125,191,197,122,126,305,313,206,238,168,176
Eau97AI007,122,124,131,133,191,203,174,178,108,116,112,116,189,195,0,0,191,205,108,120,301,301,214,214,176,184
Eau97AI011,122,126,0,0,201,203,0,0,112,116,118,118,195,215,121,125,205,209,120,122,308,345,222,222,184,184
Eau97AI016,126,146,141,141,193,207,0,0,108,116,0,0,193,215,123,123,197,205,116,120,0,0,206,206,172,180
Eau97AI021,122,124,133,141,203,207,166,178,0,0,0,0,187,187,121,121,205,211,108,122,301,329,206,238,168,176
Eau97AI027,126,138,131,133,195,199,170,178,104,116,110,112,189,195,117,125,205,209,120,124,301,309,206,242,180,184
Eau97AI032,122,124,133,139,195,205,178,178,116,120,112,116,193,237,123,127,195,203,120,122,305,325,206,226,176,176
Eau97AI034,122,138,137,137,193,205,174,178,116,116,118,120,189,193,121,123,199,205,0,0,309,329,214,214,0,0
Eau97AI036,126,136,133,139,195,199,166,178,116,116,0,0,0,0,123,125,205,205,120,124,301,301,0,0,172,180
Eau97AI041,126,136,0,0,191,199,162,166,0,0,116,116,187,231,121,125,203,205,118,124,305,320,238,238,176,188
Eau97AI045,124,126,0,0,189,189,162,166,116,120,110,112,195,195,121,125,211,211,120,124,313,353,238,238,176,184
Eau97AI046,140,144,133,135,201,207,166,174,116,116,112,114,187,199,121,137,195,211,120,120,305,345,214,238,176,180
Eau97AI047,122,126,133,133,197,203,162,178,0,0,112,114,193,195,125,125,199,209,108,122,301,317,210,222,172,180
Eau97AI048,134,136,133,135,199,199,170,174,116,116,112,114,193,199,123,125,195,205,108,120,301,301,222,238,172,176
Eau97AI051,126,128,133,141,0,0,174,178,112,120,110,112,195,231,123,125,203,211,118,118,305,309,214,214,176,184
Eau97AI053,126,130,122,135,0,0,178,182,116,116,116,120,193,213,121,125,195,197,124,124,301,308,218,238,172,184
Eau97AI062,130,148,135,137,0,0,0,0,112,120,0,0,187,189,123,125,195,209,124,146,301,333,0,0,172,176
Eau97AI065,132,138,133,141,199,207,166,178,112,116,110,114,187,195,121,125,195,205,118,118,305,333,222,238,168,172
Eau97AI071,126,140,122,129,189,189,166,180,104,116,114,116,195,199,125,127,203,211,118,120,305,309,0,0,168,184
Eau97AI075,122,126,131,133,203,205,166,178,112,116,110,118,193,199,125,125,209,211,122,122,301,337,0,0,172,180
Eau98AI001,130,148,129,137,193,201,162,166,108,112,114,118,195,199,123,123,197,201,108,120,305,313,206,222,176,180
Eau98AI002,122,126,0,0,0,0,162,162,116,116,116,116,0,0,123,123,201,205,108,124,305,316,202,206,172,180
Eau98AI003,122,126,131,133,195,201,166,166,116,116,112,118,187,193,117,125,195,207,118,120,301,305,238,238,168,176
Eau98AI010,122,144,133,139,0,0,178,178,112,116,110,114,187,193,121,123,197,211,122,126,305,313,218,218,176,180
Eau98AI016,0,0,122,133,0,0,168,178,112,116,114,116,193,231,123,123,195,195,118,120,301,301,206,206,184,184
Eau98AI017,126,130,133,141,193,195,162,174,108,116,110,118,187,195,125,125,0,0,118,124,305,317,218,222,172,176
Eau98AI018,122,142,129,133,0,0,162,166,112,116,114,118,187,193,121,125,205,211,120,124,301,313,222,234,176,180
Eau98AI019,126,142,122,133,191,197,166,178,116,120,114,116,187,189,123,123,199,203,118,126,305,337,222,238,184,184
Eau98AI024,122,142,133,133,203,207,174,178,116,116,114,116,193,221,123,125,197,205,118,120,305,329,238,238,172,184
Eau98AI031,126,148,133,133,201,203,174,178,112,116,114,120,187,213,125,131,195,205,108,122,305,317,218,250,172,176
Eau98AI033,122,130,133,135,199,203,166,178,112,116,110,116,187,187,117,121,191,205,120,124,301,309,234,238,168,172
Eau98AI045,122,126,0,0,0,0,162,166,0,0,114,120,187,199,0,0,195,210,124,124,301,341,234,238,176,184
Eau98AI050,122,128,122,139,191,203,0,0,112,120,112,118,193,209,121,127,203,205,118,122,301,333,206,222,176,184
Eau98AI054,126,126,133,133,0,0,166,170,104,116,116,120,193,199,119,123,197,209,118,120,301,305,234,234,172,180
Eau98AI056,122,126,122,133,193,205,166,178,112,116,112,116,193,199,125,127,197,205,120,122,305,317,218,218,168,172
Eau98AI060,0,0,133,133,0,0,166,174,112,112,106,110,187,199,123,123,195,211,120,126,305,320,206,206,176,176
Eau98AI067,126,126,133,139,197,203,162,166,112,112,116,118,187,189,123,123,197,205,108,118,313,333,206,234,168,176
Eau98AI069,126,132,131,137,193,203,166,166,104,112,114,118,193,195,123,125,199,211,108,126,305,309,206,206,176,188
Eau98AI072,0,0,131,135,195,199,170,178,108,116,112,116,0,0,0,0,201,209,122,124,308,313,0,0,176,176
Eau98AI087,122,130,122,133,187,195,170,182,112,116,110,114,193,195,121,125,195,205,108,122,309,325,222,222,172,184
Eau98AI088,124,140,122,135,189,201,174,178,104,116,108,112,189,213,125,125,197,197,118,118,301,313,238,238,172,176
Eau98AI089,136,158,133,135,189,201,166,166,112,120,0,0,193,195,123,125,197,210,118,120,301,313,0,0,172,172
Eau98AI090,132,142,133,133,189,201,166,178,112,112,114,118,195,199,123,123,210,211,108,126,329,341,206,206,172,172
Eau98AI092,122,124,135,145,193,195,170,178,112,116,114,114,193,195,117,119,195,209,118,126,301,305,226,226,168,176
Eau98AI094,122,124,133,141,193,203,166,182,112,112,0,0,193,199,123,125,197,211,108,120,301,301,210,238,168,184
Eau98AI095,122,140,129,133,187,189,174,178,108,124,116,120,189,193,123,123,197,205,118,120,301,301,234,234,172,172
Eau98AI099,124,132,137,141,195,201,170,178,112,116,116,116,0,0,125,125,195,205,118,124,313,313,214,238,172,184
Eau98AI111,126,134,133,141,193,193,166,170,108,120,112,118,193,195,119,121,195,210,108,122,301,325,206,206,172,176
Eau98AI114,138,140,133,135,197,199,170,180,112,116,112,114,187,195,123,125,195,205,108,124,317,333,210,238,176,188
Eau98AI121,126,140,131,133,189,195,162,174,0,0,118,118,189,195,123,125,197,205,108,120,301,301,0,0,172,180
Eau98AI124,126,142,133,133,203,203,178,178,112,120,0,0,193,195,119,123,0,0,118,124,301,305,238,238,172,176
Eau98AI140,126,134,133,141,195,199,166,174,116,116,114,116,199,199,123,125,195,210,108,120,301,301,222,222,172,180
Eau98AI143,126,136,129,131,199,199,174,174,112,112,114,118,193,195,119,125,197,211,118,120,305,309,214,214,172,172
Eau98AI148,134,148,129,133,0,0,166,178,112,120,112,118,199,199,123,125,195,211,118,118,301,345,206,234,184,184
Eau98AI155,0,0,0,0,195,207,178,178,0,0,112,112,195,215,117,127,195,205,106,126,301,317,0,0,180,180
Eau98AI156,134,142,122,133,189,199,166,180,116,116,110,116,187,199,123,125,195,211,118,126,317,317,222,238,176,184
Eau98AI157,126,148,129,129,203,203,166,166,112,112,116,116,193,195,123,125,197,207,118,118,301,313,0,0,176,176
Eau98AI142,122,134,139,141,193,195,166,184,112,116,112,116,189,195,121,125,191,210,120,122,305,313,222,238,176,176
Eau98AI128,136,148,133,139,203,207,166,178,112,124,112,116,0,0,123,125,205,211,118,126,305,305,0,0,176,184
Eau97AI049,126,146,122,133,203,205,166,178,0,0,112,116,195,231,125,125,195,211,108,118,305,353,0,0,168,176
Eau97AI029,126,130,129,133,199,201,166,178,116,120,112,114,187,193,123,125,195,209,0,0,0,0,0,0,172,176
Eau96AI030,122,126,133,137,203,203,166,174,112,112,118,120,187,193,125,125,197,209,108,108,301,308,234,234,168,176
Eau96AI022,122,136,135,141,193,203,170,178,116,116,112,112,193,231,123,123,205,209,120,122,301,301,206,222,176,180
Eau09AI232,126,140,122,133,199,199,162,166,112,116,108,116,187,199,125,125,211,211,118,124,301,317,206,242,180,184
Eau09AI222,132,148,131,141,203,203,174,178,112,116,114,120,187,189,117,125,197,207,120,122,305,313,210,242,172,184
Eau09AI221,124,134,122,133,203,205,178,178,112,116,112,116,193,215,125,125,197,199,118,126,301,301,214,242,168,180
Eau09AI175,122,126,129,135,193,199,170,186,112,116,110,114,189,193,123,125,209,209,122,124,301,353,222,222,172,176
Eau09AI172,142,148,133,133,201,201,170,174,116,116,108,120,187,187,121,123,203,205,108,120,301,305,238,238,168,172
Eau09AI094,132,136,122,122,193,199,166,178,112,116,108,116,187,193,121,129,209,210,122,122,301,309,206,222,172,176
Eau09AI071,122,126,133,139,195,201,166,178,112,116,116,120,187,227,121,125,205,205,118,124,305,313,206,238,172,176
Eau09AI058,126,140,133,133,191,193,166,178,116,116,112,114,195,199,0,0,195,207,118,120,301,317,222,238,172,176
Eau09AI030,138,142,133,133,203,207,174,178,112,116,110,120,193,231,121,123,195,211,118,126,333,333,230,238,176,180
Eau09AI029,122,130,135,139,193,201,166,184,112,116,112,114,189,193,121,123,195,210,120,122,301,313,202,238,176,184
Eau09AI020,122,126,133,133,195,207,170,178,108,112,114,118,187,187,123,125,205,209,118,122,305,333,202,250,172,172
Eau09AI014,126,136,129,139,197,203,178,178,104,112,114,116,195,231,123,125,205,211,120,124,305,309,210,222,176,176
Eau09AI011,126,148,129,129,189,199,174,174,112,116,112,118,189,193,119,125,197,211,118,120,305,353,214,242,172,180
Eau09AI004,124,132,133,137,201,203,174,178,116,116,116,116,187,187,123,125,195,195,120,124,309,313,210,214,172,176
Eau07AI157,122,122,133,133,199,199,174,178,116,116,116,118,187,195,123,125,205,205,120,120,309,313,218,218,168,184
Eau07AI100,126,138,0,0,187,203,166,178,112,124,110,120,193,215,117,125,203,205,108,122,305,333,222,222,172,172
Eau06AI138,122,130,122,141,199,199,174,178,112,112,112,118,193,199,125,125,203,210,118,122,333,353,0,0,168,172
Eau06AI129,136,140,133,139,199,201,166,174,104,120,116,116,189,209,125,125,191,197,122,122,301,337,206,250,176,180
Eau06AI126,124,148,133,137,189,201,170,170,108,112,108,110,189,193,123,123,205,209,106,120,301,305,206,214,180,184
Eau06AI060,134,148,133,137,193,203,166,178,108,108,110,122,195,195,123,123,195,197,108,120,320,353,222,238,176,188
Eau06AI039,128,136,133,137,197,207,166,178,108,116,112,114,197,199,121,125,210,211,120,122,317,337,238,238,176,184
Eau06AI001,126,148,122,135,189,207,182,186,108,112,114,120,193,199,0,0,195,211,108,122,309,309,206,206,176,184
Eau06AI002,122,148,122,133,187,189,178,182,108,108,110,120,189,199,121,125,203,211,108,118,301,309,234,234,176,184
Eau06AI003,126,134,133,133,201,207,0,0,108,116,116,120,193,195,121,125,191,195,108,118,313,333,0,0,176,180
Eau06AI004,126,142,129,133,195,203,162,178,108,116,114,116,193,199,123,123,201,205,108,124,305,333,222,222,168,176
Eau06AI005,122,158,133,137,193,195,178,178,104,116,112,116,193,193,119,127,199,203,118,120,309,320,206,210,168,172
Eau06AI006,126,142,0,0,195,203,166,178,112,112,114,118,193,209,117,127,195,209,108,122,301,309,206,210,172,176
Eau06AI009,122,122,133,139,187,189,168,174,108,108,106,116,193,199,123,123,203,205,118,122,0,0,234,238,168,172
Eau06AI010,148,158,0,0,191,203,0,0,104,116,114,116,193,199,117,123,197,211,108,122,301,305,222,238,172,172
Eau06AI022,126,136,133,135,199,207,0,0,116,116,110,114,193,195,123,123,203,205,118,118,301,305,0,0,0,0
Eau06AI025,126,140,135,141,189,203,0,0,112,112,116,120,195,195,121,125,203,209,124,126,0,0,214,238,176,176
Eau06AI026,128,136,133,133,193,201,178,178,108,108,116,116,197,219,117,125,199,203,124,126,301,305,206,238,184,184
Eau06AI034,122,142,133,139,195,203,162,174,112,116,118,120,187,193,123,125,195,209,106,122,301,305,222,238,176,184
Eau06AI035,126,144,133,137,189,201,166,166,112,116,116,116,187,199,117,125,205,209,118,120,301,305,0,0,176,184
Eau06AI038,122,140,129,141,197,203,166,178,112,120,108,110,189,193,123,123,191,211,120,126,305,313,0,0,168,172
Eau06AI042,128,134,0,0,195,199,174,178,116,116,112,114,187,195,123,123,205,207,108,122,317,345,210,222,176,180
Eau06AI043,132,134,131,137,199,199,178,178,112,120,114,116,0,0,123,137,205,211,118,120,301,301,206,238,180,184
Eau06AI047,122,134,133,133,201,203,174,174,112,112,114,116,187,199,123,125,195,211,120,124,309,317,0,0,168,176
Eau06AI049,124,148,120,135,201,201,178,178,112,112,114,114,193,193,123,125,197,205,118,120,317,320,222,222,176,180
Eau06AI051,126,136,0,0,193,205,166,178,112,116,112,114,193,225,123,125,195,209,120,124,305,317,206,206,172,176
Eau06AI052,134,144,0,0,203,205,0,0,108,116,112,114,193,195,123,123,197,209,118,124,301,309,0,0,172,176
Eau06AI053,126,130,131,133,199,201,174,178,108,116,116,118,193,199,117,125,197,197,118,122,301,333,206,222,0,0
Eau06AI054,122,130,137,137,201,207,166,166,112,120,114,118,187,187,121,121,195,209,106,108,301,301,206,234,184,184
Eau06AI058,122,132,0,0,199,203,162,178,116,116,110,112,187,197,121,123,191,203,122,124,309,317,222,238,168,176
Eau06AI063,122,142,133,135,203,203,166,174,108,116,114,118,193,195,123,125,203,207,106,124,301,317,0,0,176,180
Eau06AI071,124,138,0,0,191,203,0,0,112,116,112,114,187,195,121,123,209,211,118,120,305,305,0,0,0,0
Eau06AI075,126,136,131,133,203,203,166,178,104,116,114,116,193,193,0,0,195,209,120,120,309,309,210,210,172,184
Eau06AI076,126,138,133,139,191,207,174,178,112,112,118,118,0,0,121,123,205,211,120,122,0,0,206,234,0,0
Eau06AI077,130,138,133,133,195,201,170,178,104,112,114,114,187,189,121,125,203,209,106,120,305,333,234,238,172,172
Eau06AI083,140,158,131,133,189,205,166,166,112,116,116,116,193,195,127,127,203,205,108,118,305,305,0,0,176,180
Eau06AI088,126,142,133,133,199,199,166,166,112,116,114,118,0,0,119,125,203,211,122,124,301,333,238,238,176,180
Eau06AI090,122,134,133,137,189,193,166,166,116,120,118,120,0,0,121,123,197,205,108,126,0,0,0,0,168,172
Eau06AI093,126,126,133,135,199,203,166,170,112,112,116,116,193,193,125,125,197,209,118,124,0,0,234,234,0,0
Eau06AI094,122,126,120,137,195,203,166,178,116,116,116,118,193,193,123,125,199,211,118,122,301,309,214,214,0,0
Eau06AI106,0,0,0,0,197,199,174,178,116,116,114,120,193,195,123,123,195,203,120,124,301,301,234,238,172,184
Eau06AI113,0,0,133,137,195,203,178,178,104,112,116,116,193,225,123,123,205,209,120,122,301,305,206,222,168,172
Eau06AI120,0,0,133,135,195,207,162,178,112,116,116,118,189,193,123,123,201,211,108,120,301,305,202,202,176,176
Eau06AI124,134,138,135,139,193,193,174,178,108,108,108,112,193,215,123,127,205,205,118,120,0,0,214,238,168,172
Eau06AI127,146,148,0,0,203,207,166,178,112,120,116,120,0,0,123,123,195,205,118,118,305,333,206,238,168,180
Eau06AI139,124,132,133,137,189,199,162,178,108,120,114,116,193,193,121,125,203,205,118,126,301,305,206,222,168,176
Eau06AI142,132,146,137,141,193,207,170,178,108,120,112,114,193,193,123,127,205,205,108,120,301,329,206,238,176,180
Eau07AI002,122,140,129,133,189,195,166,178,116,116,110,116,189,195,123,123,195,205,118,120,301,305,206,214,172,184
Eau07AI006,126,140,122,143,193,195,170,178,104,112,110,114,199,209,117,123,0,0,122,124,301,309,222,222,172,180
Eau07AI017,126,128,0,0,191,191,174,174,112,116,112,114,193,193,121,125,195,205,118,118,305,333,206,206,172,176
Eau07AI018,136,148,122,129,193,199,166,180,108,112,108,120,193,195,123,123,203,210,106,120,329,333,222,222,180,184
Eau07AI021,122,142,125,129,189,197,166,170,0,0,114,116,187,209,125,125,199,205,122,124,309,313,238,238,184,184
Eau07AI026,122,122,135,141,201,203,170,178,112,112,116,118,187,195,121,125,209,211,120,122,305,329,0,0,172,176
Eau07AI032,122,126,133,133,201,201,166,166,112,116,116,116,193,231,123,125,203,205,118,120,325,329,206,218,172,184
Eau07AI037,126,134,133,133,195,203,174,178,116,116,112,112,193,195,123,127,207,207,118,122,317,345,222,222,0,0
Eau07AI038,132,136,0,0,199,207,0,0,0,0,112,112,187,199,123,123,199,211,108,146,333,337,202,222,180,184
Eau07AI042,126,126,133,139,199,207,166,166,108,116,118,120,187,189,121,125,205,211,120,122,305,333,222,222,180,184
Eau07AI043,126,142,133,143,199,199,162,174,112,116,112,116,0,0,117,123,209,211,120,122,0,0,0,0,176,180
Eau07AI045,126,148,137,141,201,203,166,178,104,116,114,116,195,199,123,123,197,197,108,124,301,305,214,238,168,176
Eau07AI047,126,140,135,139,193,203,166,166,116,124,116,118,193,193,0,0,203,205,118,122,313,320,238,238,172,184
Eau07AI052,126,132,131,133,193,203,174,178,0,0,116,120,193,245,121,123,191,195,120,124,313,329,0,0,176,184
Eau07AI057,130,134,133,141,193,201,166,174,104,120,114,118,189,193,121,123,191,205,108,120,301,305,222,226,176,176
Eau07AI059,126,146,133,137,0,0,174,178,112,116,116,116,187,195,121,125,195,203,108,118,313,337,222,238,168,184
Eau07AI062,126,144,133,133,191,193,0,0,112,112,110,110,189,193,123,125,197,209,108,126,301,301,210,238,172,184
Eau07AI066,122,148,133,141,193,201,166,174,112,116,116,118,193,193,123,125,205,211,120,122,309,329,206,234,172,172
Eau07AI069,122,136,120,133,193,199,166,174,112,116,112,118,187,195,123,125,205,210,118,120,305,309,218,222,168,184
Eau07AI070,142,142,133,133,195,201,166,166,112,116,114,116,187,233,117,125,195,195,0,0,320,329,238,238,172,184
Eau07AI071,130,148,137,141,195,201,162,170,112,124,114,114,187,195,125,125,195,209,106,122,301,305,214,234,180,184
Eau07AI072,124,126,141,141,203,203,166,170,104,112,114,114,193,193,125,125,203,211,118,118,309,353,210,210,184,184
Eau07AI074,130,148,122,137,195,203,166,180,104,116,112,118,195,239,123,125,195,197,108,118,305,309,222,234,168,172
Eau07AI075,126,128,133,139,203,207,178,178,112,112,116,118,195,209,119,121,199,205,122,124,301,333,206,242,176,184
Eau07AI077,122,126,133,133,199,205,166,186,112,120,116,118,187,195,123,125,205,211,108,122,301,333,234,238,168,172
Eau07AI080,128,144,0,0,191,201,0,0,104,108,112,116,189,219,117,125,199,209,122,126,301,301,206,222,168,184
Eau07AI082,124,142,133,133,189,191,166,174,112,116,114,114,193,239,123,123,195,211,108,124,313,329,206,206,172,184
Eau07AI086,122,122,129,133,191,207,178,178,104,112,112,118,189,199,117,127,203,211,118,120,305,333,222,234,168,184
Eau07AI088,126,126,133,133,191,201,166,178,112,112,112,114,195,231,123,123,203,207,118,122,329,333,206,238,172,188
Eau07AI089,122,122,133,133,193,199,166,166,104,116,114,114,187,215,119,125,199,205,118,126,0,0,218,222,168,176
Eau07AI090,126,140,133,133,207,207,166,178,112,116,114,118,199,209,123,123,195,209,122,124,305,305,206,206,168,172
Eau07AI098,130,148,131,133,201,203,170,170,112,124,108,114,193,193,121,125,0,0,118,120,0,0,234,234,172,180
Eau07AI099,122,134,122,131,199,203,166,166,112,112,112,120,189,193,121,125,207,211,118,118,305,317,0,0,168,184
Eau07AI101,134,148,133,135,193,201,166,178,112,112,114,120,187,227,123,125,205,211,118,120,305,313,206,222,172,180
Eau07AI104,126,136,135,137,189,203,170,178,108,108,112,120,187,199,123,123,207,210,118,122,301,333,0,0,172,172
Eau07AI107,142,148,131,133,203,203,166,174,116,116,114,120,0,0,0,0,201,205,118,118,305,317,206,206,172,184
Eau07AI108,124,148,131,135,193,203,170,186,108,116,116,120,189,193,125,125,203,207,118,118,301,317,222,234,172,176
Eau07AI111,122,148,133,135,203,203,174,178,104,116,116,120,195,231,123,125,197,205,122,124,305,317,234,234,172,184
Eau07AI114,130,142,133,133,187,191,166,178,136,140,114,116,0,0,117,125,199,205,108,118,301,305,206,250,172,180
Eau07AI121,122,126,135,141,199,203,166,170,112,120,116,116,0,0,125,125,209,210,120,122,305,313,222,234,172,176
Eau07AI125,126,126,133,139,189,203,166,178,108,108,106,116,187,189,123,125,205,205,118,124,301,313,222,222,184,188
Eau07AI126,122,142,133,133,199,203,166,178,108,124,110,116,0,0,125,127,207,211,118,122,305,333,0,0,172,180
Eau07AI129,122,140,137,141,203,203,170,178,112,120,108,112,189,215,123,125,199,211,120,126,301,305,238,238,168,172
Eau07AI130,122,122,131,133,195,199,170,174,112,116,114,116,187,193,0,0,195,199,118,122,0,0,222,222,168,172
Eau07AI131,122,126,133,135,195,207,178,186,112,112,114,120,0,0,123,123,205,207,122,124,309,345,222,238,172,172
Eau07AI141,122,142,133,133,195,199,178,178,112,116,116,116,187,225,125,125,205,205,108,120,301,317,206,238,168,180
Eau07AI143,122,126,133,137,193,203,174,178,112,124,114,118,193,193,125,125,205,205,108,122,301,308,206,206,180,184
Eau07AI144,122,132,133,137,189,207,162,178,108,120,114,114,0,0,0,0,205,211,118,124,305,329,206,238,176,184
Eau07AI146,134,136,120,133,199,199,166,170,116,120,114,118,0,0,121,125,195,210,118,122,305,341,222,238,172,172
Eau07AI154,122,126,133,139,193,193,174,178,112,112,112,118,193,193,123,125,195,205,120,120,301,305,210,210,168,184
Eau07AI155,130,144,133,133,189,199,170,178,104,116,112,116,187,199,121,125,191,205,118,124,301,317,222,222,172,172
Eau07AI164,136,142,133,133,189,201,166,166,108,112,110,116,187,195,125,125,205,205,120,124,305,320,222,222,172,172
Eau07AI167,126,138,133,133,187,203,166,178,116,116,114,116,193,195,117,125,203,203,118,122,301,333,238,238,172,176
Eau07AI173,132,148,129,133,203,207,174,186,0,0,118,120,189,193,123,125,205,211,118,120,301,329,222,222,172,180
Eau07AI174,124,130,129,135,201,203,166,166,112,112,112,116,189,193,123,125,201,211,120,120,301,305,202,242,172,184
Eau07AI175,126,142,133,133,195,203,166,174,116,116,112,116,193,239,123,125,195,209,108,122,305,309,202,238,172,176
Eau07AI180,138,144,133,139,201,203,162,174,108,112,106,112,195,233,125,125,195,205,118,120,313,333,222,238,176,184
Eau07AI181,0,0,133,135,189,203,166,166,108,116,116,118,189,195,0,0,197,205,108,118,305,305,206,206,172,184
Eau07AI187,132,144,137,137,193,195,178,178,112,112,114,116,0,0,119,123,197,209,120,124,301,309,206,206,168,188
Eau07AI189,126,140,133,133,199,199,174,174,112,116,0,0,0,0,125,125,0,0,118,124,301,333,238,238,172,176
Eau07AI191,122,126,135,141,199,203,170,174,116,116,110,110,187,189,123,125,199,211,108,126,305,333,206,222,172,184
Eau07AI192,126,128,129,131,189,191,166,174,0,0,106,116,0,0,121,125,197,205,118,120,301,337,202,250,180,180
Eau07AI198,126,132,122,135,193,199,170,178,112,116,110,114,193,195,123,131,203,209,120,124,313,353,202,250,172,176
Eau07AI201,134,148,133,139,201,207,166,174,0,0,116,118,0,0,123,125,195,209,118,120,305,320,206,242,172,184
Eau07AI209,130,134,131,137,203,203,174,178,112,112,110,120,199,215,123,123,195,203,120,124,305,305,222,238,168,184
Eau07AI214,124,148,135,135,193,207,166,186,108,112,112,120,189,195,117,123,203,211,120,122,301,305,206,206,176,176
Eau07AI218,128,138,131,133,195,199,162,174,108,116,110,118,193,193,119,121,203,209,120,122,305,313,202,250,172,180
Eau07AI223,138,148,133,135,189,207,162,170,112,116,110,116,189,193,125,125,195,203,118,124,301,301,238,238,172,184
Eau07AI225,132,148,133,141,193,201,166,174,112,120,114,120,193,199,123,125,195,197,120,126,301,313,206,234,172,176
Eau07AI227,122,138,120,141,189,203,178,178,116,116,112,116,193,209,121,125,195,203,120,122,301,301,0,0,184,184
Eau07AI232,136,148,129,133,193,201,166,178,108,116,118,120,195,233,123,125,195,205,120,120,301,313,206,206,172,180
Eau07AI234,122,126,122,133,203,205,166,178,116,116,112,114,189,193,125,125,205,211,118,122,301,317,0,0,172,180
Eau08AI001,124,148,129,141,203,203,166,174,112,116,116,120,189,193,123,125,197,211,120,122,305,353,238,238,176,184
Eau08AI005,126,132,131,133,193,193,178,178,116,116,114,116,187,199,119,121,195,205,120,124,329,353,222,222,168,172
Eau08AI010,122,124,0,0,191,199,0,0,116,116,116,116,193,215,123,123,203,211,124,126,301,333,234,238,176,184
Eau08AI013,132,142,133,141,193,193,166,174,116,116,116,116,199,217,121,123,195,209,106,108,333,333,202,222,168,172
Eau08AI016,122,136,0,0,195,201,178,178,112,116,114,116,187,195,117,123,197,205,122,122,301,301,222,242,172,172
Eau08AI020,126,136,133,133,201,203,166,174,108,120,116,118,193,209,119,125,195,197,118,122,313,337,206,238,180,180
Eau08AI021,130,130,129,137,191,199,166,170,112,112,114,116,189,193,121,125,197,211,108,118,301,333,210,210,168,176
Eau08AI022,122,124,135,141,189,203,170,174,104,112,108,116,189,195,125,125,197,211,118,120,313,329,238,238,172,176
Eau08AI023,138,144,133,139,193,199,178,182,112,116,106,110,187,199,123,123,209,211,120,126,313,353,218,222,176,180
Eau08AI025,126,132,133,141,199,201,166,174,116,116,110,110,187,217,121,123,205,211,126,126,317,333,206,238,168,184
Eau08AI026,126,126,129,133,191,203,166,178,108,112,118,118,193,219,125,125,197,211,118,120,301,305,0,0,172,172
Eau08AI027,124,144,135,139,201,201,174,178,108,112,114,116,187,195,123,125,209,209,122,124,301,301,206,222,172,176
Eau08AI029,122,126,135,135,203,207,178,186,112,116,116,120,187,189,123,123,207,211,120,122,301,309,222,242,172,176
Eau08AI032,122,126,133,139,189,199,174,178,116,116,114,116,193,237,0,0,197,211,108,120,305,337,222,238,172,180
Eau08AI035,122,144,135,137,195,203,166,174,116,116,112,114,187,195,123,125,187,195,118,120,301,305,206,214,176,176
Eau08AI038,128,148,135,141,203,203,166,174,116,116,0,0,193,231,123,123,197,205,108,124,305,309,238,250,176,176
Eau08AI043,122,126,133,133,199,205,166,178,112,112,118,120,193,195,123,125,203,209,118,124,301,329,206,206,172,184
Eau08AI044,122,130,133,137,191,201,166,170,112,112,110,114,189,199,121,121,205,207,108,108,305,308,206,242,172,172
Eau08AI045,138,140,122,137,193,195,178,178,116,116,114,120,189,193,123,125,197,199,118,118,301,329,214,218,172,180
Eau08AI047,138,142,133,135,203,207,162,178,116,116,116,116,187,193,117,125,195,203,118,122,301,313,206,206,172,176
Eau08AI051,124,126,120,122,201,203,166,178,116,116,110,114,189,189,123,125,195,205,0,0,0,0,238,238,0,0
Eau08AI052,122,126,133,135,199,203,170,178,104,116,110,114,193,195,123,125,197,209,118,126,305,333,222,238,172,172
Eau08AI055,126,148,133,135,191,193,166,186,112,116,112,116,193,195,117,123,203,207,122,122,305,317,206,222,172,176
Eau08AI057,122,122,131,139,199,203,166,186,0,0,110,118,189,233,123,125,209,211,118,124,301,337,210,250,172,176
Eau08AI058,122,126,131,131,199,203,166,166,116,116,116,116,195,215,121,123,191,211,108,124,313,333,234,238,172,176
Eau08AI066,142,144,131,141,189,195,170,178,112,120,118,120,195,233,125,127,197,205,108,120,309,313,214,214,172,176
Eau08AI070,126,144,133,139,191,203,178,178,112,112,114,120,199,231,123,123,207,209,118,120,320,333,206,222,172,176
Eau08AI071,126,126,137,137,203,203,174,178,112,116,116,120,193,193,121,123,199,205,118,122,305,337,206,206,180,180
Eau08AI073,124,140,129,133,189,201,162,178,0,0,112,116,193,193,121,125,203,211,108,122,301,305,234,238,168,172
Eau08AI074,136,138,133,137,199,203,174,178,112,116,116,120,193,231,123,125,195,203,118,124,301,333,214,230,176,184
Eau08AI076,124,132,131,139,193,195,170,178,108,116,110,112,189,189,123,125,203,211,122,122,305,317,238,238,172,172
Eau08AI077,122,144,122,133,187,203,174,178,112,116,108,114,193,217,121,125,195,205,108,118,301,308,206,206,180,184
Eau08AI082,126,132,133,137,207,207,162,166,112,116,112,116,187,197,117,121,195,211,118,124,305,313,206,238,176,180
Eau08AI084,122,126,133,135,193,201,162,174,112,124,116,120,187,199,121,125,191,209,118,124,301,329,214,214,172,184
Eau08AI085,126,148,133,135,199,203,178,178,108,112,116,116,187,193,119,123,205,211,122,122,305,353,222,238,172,180
Eau08AI086,122,126,0,0,191,193,166,178,0,0,112,116,195,195,125,125,195,203,118,120,305,333,0,0,172,176
Eau08AI091,122,126,0,0,203,207,166,186,112,112,116,116,187,187,121,123,207,211,120,122,301,301,218,222,176,176
Eau08AI094,126,126,133,137,203,203,0,0,116,116,110,116,193,195,119,123,191,197,118,126,301,333,238,238,172,172
Eau08AI096,132,148,129,141,187,189,166,174,112,116,112,114,189,195,123,125,191,197,118,124,305,353,0,0,172,184
Eau08AI097,134,136,120,122,193,207,166,178,112,116,112,116,187,193,125,129,210,211,122,122,301,308,206,206,172,172
Eau08AI098,126,148,0,0,189,205,0,0,0,0,106,110,193,193,121,123,203,205,120,122,320,320,238,238,172,184
Eau08AI100,122,126,129,135,193,193,174,178,116,116,110,114,193,193,123,125,197,205,120,122,301,317,218,222,172,176
Eau08AI102,126,136,137,137,195,203,166,178,112,112,116,118,193,195,125,127,197,209,118,122,312,317,234,234,172,176
Eau08AI103,124,138,122,133,203,203,178,182,108,116,110,114,187,187,121,123,209,211,120,122,309,317,206,238,180,180
Eau08AI104,126,130,137,139,197,201,170,174,112,124,114,116,193,195,125,125,191,209,122,124,301,313,222,234,172,180
Eau08AI105,126,148,133,135,201,201,0,0,104,112,112,114,193,199,125,125,197,205,118,118,301,317,222,238,176,180
Eau08AI106,126,132,0,0,193,203,0,0,116,116,110,120,193,195,123,125,203,209,120,122,0,0,206,250,0,0
Eau08AI108,136,148,133,141,193,195,166,178,104,112,110,114,187,193,125,125,195,197,108,118,305,317,218,238,172,184
Eau08AI111,124,126,133,133,189,205,166,174,108,116,114,118,193,239,117,123,195,205,108,122,313,350,206,206,172,184
Eau08AI114,126,140,120,137,193,203,166,178,116,116,116,118,193,193,123,125,195,209,118,120,308,308,218,218,172,176
Eau08AI115,142,144,122,133,191,203,162,174,112,112,116,118,187,231,121,123,205,205,0,0,305,317,206,238,0,0
Eau08AI117,126,136,133,141,203,205,178,178,116,116,114,118,193,199,125,125,203,205,122,124,301,333,214,222,172,176
Eau08AI118,122,122,133,135,195,203,162,186,108,116,116,116,187,189,123,123,195,205,122,124,0,0,206,222,172,176
Eau08AI119,148,158,131,135,195,203,174,180,104,112,112,120,189,195,125,125,195,207,118,120,305,313,214,214,172,184
Eau08AI123,122,126,122,133,201,205,166,170,108,112,110,110,193,193,123,127,195,205,118,120,0,0,206,218,168,172
Eau08AI129,136,158,133,135,189,203,166,178,108,116,110,114,187,193,119,125,205,210,0,0,305,321,238,238,0,0
Eau08AI131,126,128,133,139,193,201,166,178,112,120,110,110,193,199,123,125,195,205,106,126,313,317,206,218,172,184
Eau08AI134,122,126,129,133,199,201,162,178,108,108,114,118,193,195,119,125,199,209,106,108,333,345,222,222,176,184
Eau08AI139,126,130,131,133,199,201,170,178,108,112,108,116,189,193,121,125,195,209,120,124,0,0,234,250,168,172
Eau08AI140,132,138,133,135,193,193,162,178,104,108,116,116,189,195,119,123,199,201,118,122,308,333,0,0,172,176
Eau08AI141,126,126,133,141,197,199,166,174,116,124,106,116,193,193,125,125,203,205,118,118,313,329,222,238,168,188
Eau08AI144,122,122,141,141,199,203,170,178,112,112,110,114,187,193,125,125,197,205,108,118,301,345,222,222,176,184
Eau08AI145,126,146,133,135,191,199,174,178,112,116,110,118,189,193,121,125,195,205,118,122,301,333,210,230,168,172
Eau08AI146,126,126,133,133,203,203,166,174,108,116,110,114,193,199,121,125,191,199,120,122,301,333,234,234,172,184
Eau08AI153,122,142,133,133,201,205,170,178,112,120,114,118,193,193,123,125,191,205,118,122,301,317,206,206,168,172
Eau08AI154,126,142,133,137,195,203,166,178,112,120,114,116,195,225,123,125,205,209,108,122,301,301,222,222,172,176
Eau08AI158,126,158,122,133,195,195,178,180,104,120,112,114,195,199,123,127,195,211,120,120,317,329,238,238,172,176
Eau08AI159,126,126,133,133,199,201,166,174,0,0,0,0,189,193,123,125,0,0,118,122,301,309,210,222,176,184
Eau08AI160,130,142,137,141,195,201,166,170,116,120,0,0,187,193,123,125,0,0,118,124,301,305,206,234,180,184
Eau08AI161,126,148,135,141,195,207,174,178,104,116,114,118,189,195,123,125,195,203,118,120,305,309,210,210,184,184
Eau08AI162,126,138,122,131,191,203,166,182,112,116,112,116,193,231,125,125,195,211,118,124,305,305,206,242,176,184
Eau08AI167,122,124,122,129,189,203,178,178,108,116,0,0,187,193,123,125,195,211,106,124,305,317,0,0,176,184
Eau08AI168,136,140,133,141,201,203,174,180,108,120,0,0,193,195,123,125,199,205,118,118,337,345,222,242,172,184
Eau08AI173,126,136,133,137,189,199,166,166,112,112,0,0,193,195,121,123,195,203,120,120,313,333,210,234,176,184
Eau08AI187,136,142,0,0,189,199,174,178,112,116,0,0,0,0,123,129,209,210,108,122,320,341,222,234,176,180
Eau08AI190,126,136,129,133,199,203,174,178,112,116,0,0,193,195,117,119,191,211,118,124,301,301,0,0,168,172
Eau08AI191,126,130,129,133,203,203,166,178,112,112,0,0,189,189,117,123,197,207,108,120,313,333,234,234,172,176
Eau08AI194,126,126,135,137,191,191,178,178,116,116,0,0,193,195,125,125,199,203,118,120,305,333,206,222,172,172
Eau08AI195,126,126,139,139,193,203,166,186,116,120,0,0,189,193,125,125,195,205,120,122,301,337,222,238,172,176
Eau08AI198,130,134,0,0,195,197,170,178,112,120,0,0,187,199,121,125,205,205,118,122,309,313,222,222,172,176
Eau08AI200,142,148,133,133,199,203,174,178,112,116,0,0,209,237,119,125,199,209,122,124,309,317,206,238,180,184
Eau08AI204,148,148,0,0,187,189,0,0,112,116,0,0,195,231,123,125,195,209,108,120,301,345,222,250,172,180
Eau09AI001,126,130,133,135,201,201,0,0,108,116,110,116,193,195,121,123,197,205,118,120,301,333,206,222,168,184
Eau09AI003,136,148,133,141,199,201,166,174,108,112,110,120,193,195,123,125,195,205,118,118,313,345,202,222,172,172
Eau09AI005,136,138,129,131,195,199,174,174,112,116,114,118,193,195,119,131,209,210,120,124,309,313,0,0,168,180
Eau09AI006,126,140,131,145,193,195,174,174,112,112,116,116,199,215,123,123,203,205,120,120,309,333,206,238,172,172
Eau09AI013,122,136,129,141,199,199,162,166,108,116,114,118,195,195,125,125,209,210,108,126,309,333,222,238,168,176
Eau09AI018,142,142,133,141,195,203,174,174,108,112,0,0,0,0,0,0,0,0,120,124,305,317,202,222,168,168
Eau09AI019,122,126,133,133,195,203,166,170,116,116,112,114,195,239,125,125,195,195,118,122,309,321,222,238,172,180
Eau09AI022,124,148,133,141,199,203,170,178,116,116,112,114,193,195,123,125,195,197,120,124,308,317,234,238,168,184
Eau09AI024,126,140,133,137,195,205,166,170,104,112,114,118,193,193,125,127,205,205,120,122,301,309,234,242,172,184
Eau09AI027,138,148,129,141,189,201,166,178,108,124,116,120,195,219,121,125,195,199,108,122,305,333,214,234,168,172
Eau09AI035,126,132,135,137,193,199,166,170,108,116,116,116,195,199,123,123,197,203,118,120,333,333,202,202,172,176
Eau09AI036,122,126,122,141,203,203,166,178,112,112,116,116,187,187,123,125,195,211,120,120,301,329,202,222,172,176
Eau09AI038,134,142,141,147,193,203,166,166,108,116,106,114,199,199,123,123,201,209,118,124,301,309,234,250,168,176
Eau09AI041,126,148,133,135,189,203,174,178,108,116,110,114,0,0,119,123,197,209,118,120,301,309,206,242,172,176
Eau09AI042,126,142,135,137,189,193,166,170,108,112,110,116,0,0,119,121,195,205,108,120,305,321,222,226,172,180
Eau09AI043,128,130,131,133,193,199,170,174,108,112,110,116,0,0,121,123,197,203,118,122,301,313,234,250,176,184
Eau09AI048,126,142,122,133,203,205,166,178,112,112,116,116,0,0,121,125,195,211,120,126,345,353,218,242,168,172
Eau09AI049,130,148,133,141,187,203,166,174,116,124,112,116,187,193,117,117,195,195,118,122,301,317,210,234,172,176
Eau09AI050,124,126,133,133,189,199,166,178,112,116,114,116,193,195,125,125,195,195,122,126,301,329,206,222,168,188
Eau09AI052,126,138,133,133,189,195,174,178,116,116,116,116,193,195,123,123,201,211,118,118,301,305,202,242,176,184
Eau09AI057,122,130,133,139,205,207,178,178,108,112,114,114,193,193,119,123,205,205,118,120,301,321,0,0,172,176
Eau09AI061,122,138,131,133,189,201,162,182,116,116,114,116,193,217,0,0,191,207,120,124,316,329,206,218,168,176
Eau09AI062,126,144,122,133,191,203,174,174,112,112,112,114,193,217,0,0,209,211,124,124,301,308,206,214,184,184
Eau09AI068,124,140,120,135,201,203,166,166,116,120,114,120,195,233,123,123,209,209,120,124,308,329,206,214,168,176
Eau09AI069,126,136,135,139,193,203,178,186,112,116,112,116,189,231,123,125,195,205,120,122,301,301,218,222,172,176
Eau09AI074,140,148,133,137,203,203,166,178,104,112,114,116,193,195,123,125,197,199,124,124,305,333,234,238,176,176
Eau09AI075,124,140,133,141,191,201,174,180,108,116,110,116,193,195,123,125,199,203,118,126,301,337,222,238,184,184
Eau09AI076,122,126,135,137,193,203,166,174,104,108,114,118,187,189,123,125,197,209,118,118,305,305,206,250,176,184
Eau09AI079,124,130,133,135,201,203,166,186,116,116,112,114,187,199,121,125,205,207,108,120,301,308,210,226,172,176
Eau09AI083,126,136,133,141,195,203,166,170,0,0,110,118,187,195,123,123,203,205,118,118,301,308,206,250,172,184
Eau09AI084,122,126,135,139,193,195,166,170,108,116,110,116,193,199,125,127,199,205,0,0,305,313,206,246,172,176
Eau09AI086,126,134,122,133,201,201,166,178,104,108,116,116,189,189,125,125,197,209,118,120,301,313,206,234,172,176
Eau09AI088,126,132,131,133,189,193,166,178,116,116,110,114,193,195,123,125,195,195,120,124,301,305,222,250,172,172
Eau09AI092,126,158,131,133,193,207,178,186,112,112,110,118,187,209,121,125,191,211,118,122,305,313,206,238,176,176
Eau09AI096,122,126,122,139,193,195,166,166,112,112,114,116,187,193,125,125,199,205,118,122,305,329,218,238,172,180
Eau09AI099,122,144,141,141,187,189,166,178,116,116,114,120,195,195,125,125,195,205,118,124,309,313,210,210,172,172
Eau09AI104,126,126,133,139,199,201,166,174,108,112,116,116,199,199,125,125,197,205,118,122,301,308,206,238,176,176
Eau09AI107,138,144,133,133,201,203,174,178,108,112,112,116,193,195,123,125,205,209,108,124,313,333,202,238,168,172
Eau09AI108,126,126,135,137,195,199,166,178,108,116,114,116,195,195,123,131,205,209,118,120,301,313,202,234,176,184
Eau09AI110,126,140,133,133,197,203,166,178,104,120,116,116,189,227,123,125,209,210,118,124,301,305,206,238,172,176
Eau09AI111,124,130,131,137,195,195,174,178,116,116,110,116,187,241,123,125,197,209,120,124,301,305,214,234,184,184
Eau09AI114,134,136,135,137,203,203,178,178,116,120,112,118,189,193,123,125,195,205,120,120,301,313,206,222,168,180
Eau09AI117,126,126,133,135,191,199,178,178,112,116,112,116,193,195,125,125,203,209,120,124,305,309,206,222,172,180
Eau09AI118,126,146,133,141,189,201,162,166,108,112,110,116,193,195,117,125,195,205,118,118,301,305,202,222,172,184
Eau09AI120,148,148,131,141,189,193,174,178,116,116,114,114,193,199,123,123,199,209,120,122,309,317,234,238,176,176
Eau09AI122,126,138,135,139,199,203,178,186,112,116,106,116,187,189,117,123,197,209,120,122,301,353,218,234,176,180
Eau09AI126,122,126,129,133,203,207,178,178,116,116,114,118,187,215,125,125,199,211,120,124,301,333,206,222,172,180
Eau09AI127,122,126,139,141,201,203,178,178,112,112,114,116,193,217,121,123,197,205,108,108,305,305,210,214,168,176
Eau09AI128,130,134,133,133,199,203,174,186,112,116,112,116,193,193,125,125,205,211,108,108,301,309,238,242,172,172
Eau09AI129,126,148,133,141,187,195,174,178,112,116,118,120,193,193,117,125,191,203,120,122,301,317,222,222,168,176
Eau09AI131,122,126,131,133,189,199,166,174,116,116,116,116,193,215,123,125,191,211,124,124,301,333,210,238,176,184
Eau09AI132,122,132,131,133,199,201,162,170,108,112,110,116,189,193,121,125,191,201,122,124,313,313,234,250,172,176
Eau09AI135,124,134,133,135,199,203,174,186,112,116,110,116,187,199,123,125,195,207,108,120,309,317,210,222,176,176
Eau09AI137,122,144,133,133,189,201,170,178,104,120,110,116,193,199,123,125,197,203,118,122,301,301,238,242,172,172
Eau09AI140,132,142,133,137,199,207,178,178,116,120,114,116,193,221,123,123,205,211,118,120,301,329,238,238,180,184
Eau09AI147,122,146,133,141,205,207,166,170,108,116,116,118,0,0,125,127,197,205,108,122,301,313,206,214,176,184
Eau09AI149,132,142,133,133,197,199,166,178,112,116,114,116,193,193,121,121,195,211,120,124,301,305,206,222,172,176
Eau09AI151,126,144,133,133,199,203,166,178,104,116,108,120,187,199,123,125,197,205,122,126,309,333,222,238,168,168
Eau09AI155,122,126,137,147,199,203,178,178,108,116,114,114,193,199,123,125,197,203,122,126,301,305,0,0,168,172
Eau09AI160,126,138,131,133,191,197,166,174,112,116,110,114,193,195,125,137,195,207,118,118,313,316,206,206,172,172
Eau09AI161,122,140,131,133,189,203,170,178,112,116,114,116,193,193,123,123,195,209,106,120,309,317,234,238,168,172
Eau09AI163,122,126,129,133,195,205,162,178,116,116,116,116,189,195,123,123,205,205,120,124,301,316,206,214,168,172
Eau09AI164,130,140,133,133,201,203,166,178,104,116,114,114,189,193,121,123,197,205,108,124,301,305,206,226,172,176
Eau09AI170,122,128,133,137,197,203,166,170,112,120,108,118,187,195,123,123,197,210,118,118,301,301,238,238,172,184
Eau09AI171,132,138,129,137,195,203,166,178,112,116,114,120,189,193,121,123,195,199,118,118,317,329,202,218,172,180
Eau09AI173,136,144,139,147,203,203,178,178,112,116,114,120,199,199,123,123,203,209,118,120,329,333,206,206,172,176
Eau09AI180,0,0,129,137,0,0,166,166,112,124,106,110,193,199,123,123,195,199,106,122,317,317,0,0,172,172
Eau09AI183,0,0,129,137,0,0,178,178,0,0,114,116,193,219,117,119,199,199,118,126,301,317,0,0,168,180
Eau09AI185,0,0,131,137,0,0,170,178,0,0,114,114,189,215,123,125,195,195,118,118,325,329,0,0,172,176
Eau09AI189,122,122,131,133,197,199,166,166,108,112,110,110,187,233,121,125,199,209,120,124,301,337,210,210,172,184
Eau09AI195,126,134,133,133,193,201,174,174,112,116,106,118,189,195,121,123,205,209,124,126,0,0,222,234,168,176
Eau09AI201,122,126,135,135,203,203,162,170,104,112,116,116,193,199,123,125,205,209,106,120,301,305,234,242,172,172
Eau09AI205,126,136,120,137,203,207,166,166,108,112,116,116,187,193,123,125,195,210,122,124,308,308,206,206,172,176
Eau09AI216,126,126,131,133,195,207,162,178,112,120,114,118,199,209,119,125,195,199,120,122,301,329,238,242,176,184
Eau09AI218,126,136,135,141,195,199,166,166,112,116,114,118,193,195,125,125,195,197,118,124,305,309,238,242,176,184
Eau09AI223,122,134,131,137,201,203,170,178,108,112,112,112,195,215,117,125,207,209,118,120,309,309,238,242,168,180
Eau09AI225,126,146,133,133,191,203,166,166,112,116,116,116,195,225,123,125,205,205,108,118,305,309,202,222,172,180
Eau09AI228,126,142,122,133,189,199,174,182,116,116,110,114,193,193,119,123,199,211,118,124,301,317,206,222,180,184
Eau09AI234,122,124,133,141,193,199,170,174,116,116,110,112,193,231,123,123,205,209,118,122,301,321,222,222,176,176
Eau09AI238,122,140,120,122,201,205,178,178,112,120,112,114,193,193,123,123,201,205,108,120,305,308,202,214,176,184
Eau09AI242,126,134,131,135,199,203,178,178,108,116,112,116,195,199,125,137,195,209,124,124,305,309,238,250,180,184
Eau09AI246,122,140,137,139,193,201,174,178,104,112,112,116,187,217,121,125,195,209,118,118,301,316,214,238,168,172
Eau09AI247,126,126,133,137,189,199,166,170,108,116,110,118,193,193,121,123,199,205,108,108,305,333,0,0,176,180
Eau09AI249,126,142,122,133,199,199,174,178,116,124,110,114,193,237,119,125,199,203,120,124,313,317,206,206,180,180
Eau09AI250,134,134,133,139,199,201,166,170,116,116,112,116,193,193,123,125,195,199,108,108,301,308,206,222,176,180
Eau09AI252,132,142,122,137,199,203,178,180,104,116,114,118,193,213,121,123,203,211,118,124,317,321,210,242,172,180
Eau09AI253,122,126,129,137,197,205,166,166,116,116,112,114,187,199,121,123,197,205,120,122,301,309,222,234,172,184
Eau09AI254,122,126,129,133,189,197,166,166,112,116,114,116,187,195,125,125,207,211,118,118,309,313,202,222,168,172
Eau95AI003,124,132,133,141,193,199,174,178,116,116,112,116,197,217,123,125,195,195,0,0,301,333,202,206,172,184
Eau95AI005,126,148,129,137,199,207,166,170,0,0,114,116,187,193,117,123,197,199,0,0,305,333,206,242,176,176
Eau95AI011,122,134,131,141,199,199,162,166,112,116,114,116,193,195,123,125,191,195,0,0,309,329,234,234,168,184
Eau95AI021,132,142,122,133,199,203,174,178,112,116,112,120,187,195,119,125,199,205,0,0,313,317,222,242,172,180
Eau95AI023,138,140,133,133,189,199,174,182,116,116,108,110,187,195,123,125,195,211,0,0,313,317,218,238,180,180
Eau95AI025,126,136,133,139,0,0,166,178,108,116,114,116,187,195,125,125,205,207,0,0,301,313,206,222,172,188
Eau95AI029,122,126,133,133,0,0,162,166,116,116,116,116,193,195,123,125,195,209,0,0,305,329,206,222,180,184
Eau95AI031,126,132,133,133,0,0,166,174,116,116,114,116,187,215,121,121,197,197,108,118,305,317,234,238,176,180
Eau95AI032,124,148,131,135,0,0,170,178,108,116,114,116,193,195,125,125,195,209,0,0,301,329,206,238,172,176
Eau95AI037,132,134,133,141,189,201,166,178,116,116,110,116,193,199,121,125,210,211,0,0,301,313,222,238,168,172
Eau95AI041,126,142,133,133,189,203,166,178,112,116,114,118,195,195,125,125,197,207,0,0,305,333,206,230,168,168
Eau95AI043,122,132,122,129,195,197,166,178,108,116,110,118,195,199,123,125,203,211,0,0,305,317,230,238,176,180
Eau95AI047,126,134,137,141,195,203,166,170,116,120,118,118,187,189,121,123,195,203,0,0,305,308,214,250,172,184
Eau95AI054,122,122,122,137,197,203,166,186,108,112,116,118,187,199,123,125,211,211,120,122,301,301,222,238,176,176
Eau95AI055,122,140,0,0,195,197,166,178,112,116,108,118,193,193,123,125,197,203,0,0,305,313,222,250,176,176
Eau95AI060,122,138,131,133,193,195,166,166,112,116,110,114,193,199,121,127,205,209,0,0,301,305,214,242,176,180
Eau95AI067,122,140,129,131,189,199,178,178,112,116,116,116,199,199,121,125,197,203,0,0,305,305,206,222,176,176
Eau95AI068,126,138,135,137,195,203,166,174,116,116,112,116,187,187,121,125,195,197,108,108,301,333,214,214,176,180
Eau95AI069,122,122,122,133,189,205,178,178,112,116,110,114,187,193,123,125,205,211,106,120,301,305,206,206,180,184
Eau96AI007,122,126,0,0,203,205,166,174,112,112,116,116,193,209,117,125,195,197,0,0,301,309,238,238,184,184
Eau96AI014,122,122,133,133,193,203,166,166,112,116,114,116,195,231,121,123,197,207,0,0,301,305,238,238,172,176
Eau96AI015,126,134,133,135,191,191,174,178,116,116,112,116,193,195,123,125,195,199,,,320,333,206,222,172,172
Eau96AI021,126,134,133,141,189,201,166,182,116,116,110,116,193,195,121,125,191,195,118,122,317,329,206,222,184,184
Eau96AI029,122,126,133,133,195,203,0,0,112,116,114,118,193,195,123,125,195,209,118,122,301,317,0,0,172,180
Eau96AI031,122,128,137,139,193,201,178,178,112,116,0,0,0,0,0,0,195,209,118,126,301,316,206,214,168,172
Eau96AI032,122,140,0,0,195,199,178,178,104,116,116,116,221,225,123,125,205,209,120,120,301,317,206,238,176,180
Eau96AI035,122,122,133,133,0,0,178,178,112,112,118,118,187,193,121,123,195,209,122,124,301,317,206,250,172,172
Eau96AI044,126,136,0,0,199,203,174,178,116,116,114,118,189,193,125,125,195,211,118,122,301,333,230,230,172,180
Eau96AI045,122,138,133,139,193,197,174,178,108,116,116,116,193,199,125,125,199,207,124,126,305,308,206,206,172,172
Eau96AI046,122,130,131,133,199,201,162,166,112,116,110,116,193,195,121,123,191,203,122,124,309,333,234,234,176,184
Eau96AI048,122,148,0,0,193,193,174,178,116,116,114,118,187,199,125,127,195,205,118,122,305,309,0,0,168,180
Eau96AI050,126,148,133,137,203,207,166,178,112,116,118,120,193,215,117,121,205,207,0,0,301,305,206,238,0,0
Eau96AI051,122,122,0,0,203,203,166,178,108,112,114,116,187,231,123,125,197,197,118,118,305,345,206,222,176,176
Eau97AI001,132,144,0,0,199,203,166,174,116,116,108,110,187,217,121,125,205,205,108,126,309,317,238,238,168,180
Eau97AI006,122,130,133,137,191,201,166,170,104,112,110,114,0,0,0,0,195,207,108,108,305,305,226,226,172,172
Eau97AI010,136,142,133,135,195,201,170,174,112,116,108,116,187,209,121,125,205,205,120,120,301,301,206,206,172,172
Eau97AI017,122,126,129,133,191,203,178,178,112,112,110,118,189,193,123,125,197,209,108,120,301,309,210,222,172,180
Eau97AI018,142,148,133,139,193,203,178,178,112,124,116,118,187,193,125,125,197,211,118,120,301,337,238,238,176,184
Eau97AI019,122,124,133,141,193,203,166,178,116,120,116,120,193,195,121,123,195,197,124,126,305,333,214,234,172,180
Eau97AI040,126,130,133,137,193,195,174,174,112,116,0,0,0,0,123,125,197,205,118,120,320,333,234,250,176,184
Eau97AI044,126,132,0,0,199,203,162,166,0,0,106,116,193,199,117,125,201,205,118,124,313,329,206,234,168,176
Eau97AI054,130,130,133,141,0,0,174,174,112,116,0,0,193,193,117,123,0,0,118,122,301,333,230,230,172,184
Eau97AI056,126,126,129,133,0,0,178,178,116,116,114,116,189,195,119,125,195,197,122,124,301,301,210,230,180,184
Eau97AI061,126,136,133,133,199,201,162,174,108,116,114,116,199,227,125,125,195,209,108,118,301,313,206,222,172,176
Eau97AI068,124,140,0,0,203,203,178,182,104,104,114,116,189,193,123,125,197,209,122,124,301,305,206,238,172,176
Eau97AI070,142,148,0,0,193,195,0,0,108,112,110,116,0,0,123,125,209,209,120,122,301,305,218,238,172,176
Eau98AI008,122,146,129,133,0,0,166,178,108,120,110,116,187,189,121,123,205,205,120,120,305,333,218,218,168,168
Eau98AI012,126,158,133,137,0,0,0,0,112,112,118,118,0,0,117,125,195,207,122,126,305,305,0,0,168,180
Eau98AI022,126,130,135,141,0,0,162,178,112,112,116,116,193,231,123,125,205,209,120,122,305,309,214,234,172,176
Eau98AI059,0,0,133,135,191,203,170,182,112,112,116,118,187,187,121,127,195,210,108,118,0,0,0,0,168,180
Eau98AI065,122,132,129,135,193,199,174,178,112,116,112,116,193,199,125,125,199,205,108,120,0,0,226,238,172,180
Eau98AI068,126,132,137,141,189,195,166,174,112,116,114,116,189,199,121,121,195,195,118,120,313,345,218,238,176,184
Eau98AI070,122,148,122,133,189,203,166,174,108,112,118,120,187,193,121,123,205,211,0,0,0,0,238,238,0,0
Eau98AI073,126,126,133,141,193,193,166,174,108,116,116,116,189,215,121,123,197,203,108,122,301,305,0,0,168,176
Eau98AI074,126,140,133,133,189,201,170,182,116,116,108,116,195,199,125,125,205,211,118,126,301,317,206,238,176,180
Eau98AI075,122,128,133,141,193,203,166,178,116,116,114,114,187,227,123,123,197,205,118,122,309,309,238,238,168,176
Eau98AI076,126,148,133,133,193,203,166,170,104,116,112,120,193,241,121,125,205,205,118,126,301,305,0,0,180,180
Eau98AI079,122,122,133,137,189,191,0,0,104,104,114,120,0,0,123,123,199,211,120,120,305,305,0,0,172,176
Eau98AI081,122,142,133,133,195,201,174,178,112,112,116,118,193,199,123,125,205,211,122,124,309,329,206,234,172,184
Eau98AI082,122,132,133,141,187,201,166,166,112,124,110,112,199,199,121,123,195,197,124,126,301,333,206,234,172,180
Eau98AI096,122,146,133,133,201,203,178,178,108,112,114,116,0,0,0,0,207,211,108,108,301,353,0,0,168,168
Eau98AI097,124,126,133,137,195,195,174,180,104,116,112,116,187,193,123,127,197,209,120,126,305,320,210,214,176,184
Eau98AI098,148,148,139,139,189,203,166,174,108,116,110,120,193,199,123,123,197,205,108,122,321,353,238,238,172,176
Eau98AI107,122,126,133,135,199,201,170,170,108,112,114,116,195,227,125,125,209,209,118,120,305,345,206,222,172,176
Eau98AI109,126,128,122,129,193,203,166,166,120,124,0,0,0,0,0,0,0,0,106,108,301,317,222,222,172,184
Eau98AI112,126,142,133,137,201,203,166,174,112,112,106,116,193,195,123,123,197,209,108,124,312,317,202,234,168,172
Eau98AI118,126,138,133,139,193,197,166,178,108,116,110,114,195,219,125,125,205,207,118,118,305,313,206,206,172,172
Eau98AI122,0,0,131,133,195,207,174,178,116,116,110,114,187,187,123,125,197,205,120,120,301,317,222,234,180,184
Eau98AI127,126,126,129,135,189,201,166,178,0,0,114,116,0,0,117,125,205,207,118,122,305,309,206,214,176,176
Eau98AI135,122,126,120,133,199,203,174,178,108,116,112,118,187,193,125,125,191,203,118,120,301,308,0,0,176,184
Eau98AI137,0,0,133,137,0,0,178,180,116,116,110,118,187,199,123,125,203,207,118,118,308,337,218,238,172,176
Eau98AI147,122,140,133,137,203,203,166,178,0,0,118,118,193,193,121,125,195,205,108,120,301,308,214,238,176,180
Eau98AI149,130,144,0,0,0,0,174,178,112,116,110,118,195,233,125,127,195,205,120,120,305,313,214,214,172,176
Eau98AI153,142,142,133,137,207,207,0,0,112,116,114,116,195,221,123,123,195,205,108,118,301,317,206,238,176,184
Eau98AI154,126,140,133,137,195,195,166,178,108,116,114,120,187,193,123,125,197,209,118,122,301,337,214,214,172,172
Eau98AI158,122,142,0,0,201,203,174,178,0,0,116,118,0,0,123,123,195,205,118,120,305,305,0,0,168,172
Eau98AI080,126,138,135,137,203,207,162,178,112,116,116,118,189,193,125,125,195,209,118,118,301,301,0,0,172,172
Eau98AI084,142,148,131,141,189,193,162,178,112,112,114,120,193,231,123,123,203,209,124,126,305,321,222,222,172,180
Eau98AI102,126,142,133,133,193,203,166,178,112,116,116,118,187,193,121,123,197,211,108,120,301,309,210,238,176,184
Eau98AI150,126,136,133,133,189,191,166,174,112,112,112,114,195,199,123,125,203,210,122,126,301,333,206,222,172,172
Eau08AI017,126,130,133,137,195,203,166,166,0,0,116,118,199,199,121,121,197,205,108,118,0,0,0,0,168,176
Eau09AI162,174,112,116,110,114,195,209,125,125,205,205,118,122,309,313,206,238,172,180,,,,,,,
Eau09AI208,178,112,116,116,116,187,193,125,125,191,205,118,122,309,317,222,250,172,172,,,,,,,
Eau09AI215,174,116,116,114,116,193,193,119,125,199,209,118,122,308,317,206,222,180,180,,,,,,,
Eau03NZ10,126,140,131,133,199,203,174,178,104,108,0,0,189,195,125,125,195,207,120,124,301,341,238,238,176,180
Eau04NZ01,126,148,0,0,193,199,166,174,116,120,0,0,193,241,125,125,197,197,118,118,301,305,214,234,176,176
Eau05NZ01,122,136,120,133,187,203,166,174,104,124,0,0,189,193,125,125,191,203,108,126,305,317,238,238,180,184
Eau05NZ03,122,122,133,133,203,205,166,174,112,124,0,0,193,193,119,125,191,205,120,126,317,325,218,238,172,184
Eau08NZ02,124,130,0,0,187,203,166,174,108,116,0,0,193,231,117,125,191,205,122,124,305,308,214,222,176,180
Eau09NZ08,130,134,0,0,197,201,174,178,108,116,110,116,187,195,121,123,195,197,118,120,305,317,210,218,168,176
Eau09NZ09,122,146,0,0,189,203,170,170,104,112,106,114,189,225,121,123,197,211,120,120,305,309,222,222,172,180
Eau09NZ12,0,0,122,133,0,0,174,178,104,120,0,0,193,209,117,125,195,OOB,118,122,301,301,222,222,172,176
Eau09NZ17,126,136,0,0,193,203,0,0,108,116,0,0,187,193,123,123,0,0,122,122,301,333,0,0,176,176
Eau09NZ22,122,130,133,141,191,199,166,178,104,124,112,116,193,213,125,125,207,211,118,124,301,305,202,242,172,180
Eau10NZ02,122,136,120,141,203,203,174,174,104,108,112,120,189,193,123,125,197,203,108,118,305,309,0,0,172,184
Eau10NZ03,136,140,129,141,193,203,174,178,0,0,112,114,187,193,123,131,197,211,108,124,305,333,0,0,172,180
Eau03NZ01,124,126,133,135,199,203,166,166,108,116,0,0,193,217,123,125,195,205,118,126,301,317,222,238,172,184
Eau03NZ08,124,126,133,135,189,203,166,166,112,116,0,0,193,225,121,123,197,205,118,120,309,320,214,222,180,184
Eau07NZ05,122,126,133,139,195,203,170,178,112,116,0,0,193,193,123,125,195,197,122,122,301,305,234,250,172,180
Eau09NZ05,126,130,0,0,187,201,174,178,112,120,112,116,187,187,125,125,199,199,108,124,305,333,222,238,172,188
Eau09NZ13,126,148,133,135,189,189,166,178,116,116,0,0,193,193,117,125,195,209,120,120,333,353,222,234,180,184
Eau09NZ15,140,142,131,137,195,203,170,180,116,120,0,0,193,193,123,137,203,209,120,120,305,333,214,214,172,180
Eau06NZ04,122,142,122,133,195,203,178,178,104,112,0,0,193,199,123,125,197,211,118,124,309,320,206,242,172,176
Eau09NZ21,126,140,133,133,193,203,166,174,112,112,114,114,187,199,123,137,203,207,118,122,329,333,206,214,172,184
Eau03NZ05,126,144,0,0,195,203,178,186,116,124,0,0,187,231,123,125,197,197,118,120,301,301,206,234,172,184
Eau03NZ06,122,144,135,141,193,195,174,178,108,120,0,0,193,233,123,127,203,205,120,120,305,313,0,0,168,172
Eau03NZ12,122,126,133,141,201,203,166,166,108,112,0,0,199,231,125,127,197,205,118,120,305,305,222,222,176,176
Eau06NZ06,122,126,137,141,195,203,174,182,108,108,0,0,187,193,125,125,203,207,118,122,305,309,238,238,172,184
Eau09NZ03,122,148,0,0,189,201,166,178,112,116,110,114,193,193,123,125,197,205,108,120,325,353,206,234,172,184
Eau09NZ14,122,124,129,137,197,203,174,178,108,112,0,0,189,193,123,125,0,0,120,122,305,353,238,242,176,176
Eau09NZ16,128,134,133,133,193,195,166,166,116,120,0,0,187,187,121,123,195,197,118,122,309,320,238,238,168,180
Eau10NZ01,0,0,135,141,0,0,174,178,0,0,108,116,193,215,123,127,203,203,108,122,301,321,0,0,168,168
Eau06NZ08,126,136,135,135,199,207,174,178,116,116,110,116,187,193,125,125,203,209,118,124,305,317,206,206,172,176
Eau07NZ01,126,138,137,137,189,203,166,178,112,116,0,0,187,233,125,125,191,195,108,120,301,305,202,242,172,176
Eau07NZ02,126,126,133,139,195,207,166,178,116,120,106,118,215,231,123,123,205,209,122,126,305,308,238,238,168,184
Eau06NZ09,126,126,0,0,193,199,166,178,112,120,112,116,199,209,125,125,209,209,118,124,301,305,222,222,168,168
Eau09NZ04,126,126,0,0,201,203,166,174,116,116,110,116,199,199,123,125,197,199,118,120,301,333,234,238,172,172
Eau09NZ11,122,126,133,135,195,203,162,166,108,116,0,0,193,195,121,125,195,211,118,118,301,309,234,242,172,184
Eau09NZ18,122,132,131,133,203,207,162,166,104,112,114,114,195,195,121,123,195,205,0,0,305,305,0,0,172,184
Eau09NZ10,126,140,122,137,203,203,166,180,116,116,0,0,189,199,123,123,195,207,0,0,0,0,238,250,0,0
Eau03NZ07,124,144,131,133,191,191,162,174,120,124,114,116,193,195,121,125,210,211,118,124,305,313,206,222,172,176
Eau08NZ01,140,144,0,0,195,203,166,178,108,112,0,0,189,193,121,125,207,209,122,122,305,345,206,226,172,184
Eau09NZ06,122,126,0,0,187,203,166,178,104,112,114,114,189,193,119,125,191,205,108,120,305,308,0,0,176,184
Eau06AI040,126,140,133,137,195,203,166,180,116,120,110,120,187,239,0,0,205,207,118,118,305,337,222,238,172,176
Eau06AI044,126,130,133,137,201,203,166,180,108,112,116,118,193,195,125,125,195,207,118,126,305,333,0,0,168,180
Eau06AI045,122,142,122,133,193,205,166,178,112,112,116,116,193,225,125,125,195,205,120,120,317,345,206,242,172,172
Eau07AI053,122,126,137,137,203,203,178,178,108,112,112,116,189,195,123,125,205,211,120,126,301,305,206,238,168,176
Eau07AI067,126,128,133,141,189,207,178,178,108,112,118,118,189,239,117,121,197,207,122,126,305,309,214,214,168,176
Eau07AI073,130,142,133,137,195,195,174,180,104,108,116,118,193,239,123,123,195,209,108,118,305,305,222,234,172,180
Eau07AI076,126,126,133,137,203,203,178,182,108,112,0,0,0,0,123,123,0,0,120,120,301,333,0,0,168,184
Eau07AI087,126,126,133,135,191,199,166,166,112,116,110,112,193,231,123,123,203,211,108,118,301,333,222,238,176,188
Eau07AI102,122,148,122,141,193,193,174,178,112,116,110,114,187,217,123,125,195,205,120,120,309,317,234,234,168,172
Eau07AI142,122,140,133,133,189,195,178,178,116,120,108,116,187,193,123,125,203,205,108,108,305,317,206,238,168,176
Eau07AI170,126,138,137,139,191,201,178,178,112,112,116,118,0,0,121,125,199,203,118,120,301,305,206,234,172,172
Eau07AI179,132,144,131,133,201,203,166,174,108,112,106,114,195,195,123,125,199,205,108,118,309,313,206,222,176,188
Eau07AI186,124,130,129,133,191,191,174,178,112,116,114,114,193,227,123,123,205,211,124,124,309,313,206,222,172,184
Eau07AI188,0,0,133,141,195,199,162,174,112,116,116,118,193,193,123,125,199,205,118,124,329,333,222,238,168,172
Eau07AI190,122,140,133,135,189,199,170,178,116,120,110,112,0,0,123,123,205,211,124,126,305,309,206,238,172,184
Eau07AI200,134,142,133,141,193,207,174,178,0,0,116,116,0,0,123,125,209,209,120,124,0,0,0,0,168,172
Eau07AI210,126,144,129,137,187,195,178,178,112,124,116,120,189,225,119,125,197,197,120,124,301,301,0,0,168,172
Eau07AI217,128,138,133,135,199,207,162,178,116,116,114,118,193,193,121,123,195,203,118,120,305,305,0,0,0,0
Eau07AI230,130,148,133,135,199,201,166,178,104,112,116,118,187,195,125,125,195,205,118,120,301,309,222,222,172,180
Eau08AI015,136,140,135,143,199,201,166,178,112,116,110,116,187,193,117,127,195,197,120,122,301,305,222,238,172,184
Eau08AI030,126,144,135,141,187,203,166,186,116,124,0,0,187,187,117,123,197,211,118,122,301,309,210,242,168,176
Eau08AI067,134,134,133,141,0,0,166,174,116,116,110,116,189,231,123,125,195,205,118,122,317,329,0,0,172,180
Eau08AI081,126,134,137,141,207,207,166,166,112,112,112,116,187,193,121,121,195,211,122,124,305,313,206,218,180,184
Eau08AI083,126,126,0,0,195,203,178,178,116,116,110,116,195,199,0,0,191,209,124,126,301,333,206,206,172,172
Eau08AI089,122,126,133,135,193,203,174,178,108,116,114,118,193,193,123,125,195,205,120,122,301,317,218,218,172,172
Eau08AI090,122,126,133,135,201,207,166,166,104,112,116,116,187,187,123,125,207,209,120,120,301,329,218,218,168,176
Eau08AI112,126,134,122,133,189,207,166,166,112,116,114,116,187,193,117,125,195,211,108,118,313,313,206,206,172,184
Eau08AI121,122,132,131,133,195,201,166,170,112,116,112,120,189,199,125,125,203,205,118,122,313,317,226,226,172,172
Eau08AI133,122,122,122,133,189,201,162,166,108,116,118,118,193,195,125,125,205,209,106,118,309,333,214,222,176,180
Eau08AI138,130,148,131,133,201,201,178,178,104,108,108,116,189,193,123,125,205,209,120,124,301,317,206,206,168,172
Eau08AI163,126,138,122,133,189,191,166,182,116,116,114,116,195,231,125,125,195,195,118,122,301,305,206,238,176,184
Eau08AI181,126,128,133,137,195,207,162,166,108,116,114,116,193,197,121,123,209,211,108,122,305,317,202,238,176,184
Eau08AI189,126,126,133,133,201,203,174,178,112,116,112,114,195,199,121,123,197,199,120,122,333,333,202,238,172,188
Eau08AI196,136,142,133,133,189,201,162,174,108,112,0,0,187,193,125,125,197,199,108,120,329,333,210,238,172,176
Eau95AI001,128,140,133,139,193,201,170,178,104,108,110,116,187,219,121,125,199,199,0,0,301,301,206,238,172,180
Eau95AI040,126,144,133,133,203,203,174,178,116,116,114,116,187,199,121,123,191,195,0,0,320,333,222,222,172,184
Eau95AI058,146,148,129,133,199,199,174,174,112,116,114,118,189,193,123,125,191,197,0,0,301,353,214,214,172,172
Eau96AI043,122,134,0,0,189,207,0,0,108,116,116,116,193,199,123,125,197,205,108,108,313,337,0,0,172,176
Eau96AI047,122,122,122,133,203,203,166,170,108,112,108,114,187,195,123,123,197,197,118,120,301,301,206,238,172,172
Eau97AI050,130,132,129,133,0,0,174,178,108,116,116,116,193,193,123,137,195,207,118,120,0,0,234,234,176,184
Eau97AI063,122,122,133,135,0,0,0,0,112,116,114,116,0,0,121,125,195,209,106,124,301,317,234,234,172,180
Eau98AI063,124,132,122,133,199,203,162,182,0,0,110,114,187,219,123,125,211,211,0,0,0,0,206,238,0,0
Eau98AI066,126,126,133,135,191,203,162,166,116,116,116,118,193,195,123,125,195,207,118,122,301,317,222,242,172,172
Eau98AI152,142,148,0,0,189,207,166,178,112,116,116,118,187,195,121,125,197,211,118,122,301,301,0,0,176,180
Eau09AI007,126,140,135,145,193,201,174,178,112,112,112,116,193,199,123,125,195,205,120,120,305,333,206,222,172,172
Eau09AI010,126,126,129,131,187,189,166,174,112,116,114,118,193,195,117,125,191,211,118,120,301,353,214,242,176,180
Eau09AI012,122,122,129,137,195,199,162,174,116,116,110,114,195,195,123,125,207,209,108,118,305,309,206,222,168,176
Eau09AI026,138,148,122,141,201,203,166,170,112,124,116,118,193,195,123,125,195,211,118,122,305,333,222,234,172,176
Eau09AI067,132,136,122,133,189,199,174,180,104,116,114,118,187,213,123,123,203,209,124,124,305,317,210,214,172,180
Eau09AI159,130,140,122,122,197,205,162,178,108,112,112,114,193,193,121,123,205,209,118,120,308,345,206,214,176,176
Eau14CI01,124,138,122,133,189,203,162,182,112,116,112,112,187,217,121,125,205,211,120,124,309,317,214,222,172,184
Eau14CI02,126,126,133,137,193,203,174,178,112,112,116,118,187,193,119,125,205,209,108,120,309,309,202,202,168,180
Eau14CI03,122,134,129,133,203,203,174,174,112,116,114,116,187,199,123,123,195,205,118,120,317,317,222,222,168,176
Eau14CI04,126,140,135,137,191,193,166,178,112,120,110,118,187,187,119,127,195,199,108,124,301,317,202,242,172,180
Eau14CI05,126,142,122,141,203,207,166,178,112,112,114,116,187,231,121,125,211,211,108,108,329,353,206,206,168,176
Eau14CI06,126,142,135,139,201,207,166,166,104,108,116,116,193,199,125,125,195,211,118,122,313,313,222,222,172,176
Eau14CI07,134,148,133,137,201,207,166,178,112,116,114,116,187,193,117,125,195,205,118,118,301,309,206,206,172,176
Eau14CI08,126,132,129,133,199,203,174,186,112,116,112,116,193,199,123,127,203,211,108,122,305,333,202,202,168,180
Eau14CI10,126,128,122,133,189,189,174,178,112,120,110,118,189,245,123,125,195,211,118,124,317,317,206,238,176,184
Eau14CI11,126,142,133,133,197,203,178,178,104,112,114,116,193,193,121,123,209,209,120,122,305,345,206,222,168,176
Eau14CI12,126,126,0,0,191,199,178,178,112,116,112,112,195,195,0,0,205,211,118,124,301,301,214,222,172,172
Eau14CI13,122,134,133,139,189,201,166,178,116,120,110,116,187,231,123,125,197,205,120,124,305,345,210,222,176,188
Eau14CI14,122,138,129,135,191,193,174,182,112,116,112,116,187,193,119,125,195,211,120,122,325,329,218,218,176,184
Eau14CI15,126,126,122,137,191,193,174,178,112,116,114,116,193,195,121,123,209,209,118,120,305,309,0,0,176,184
Eau14CI16,138,148,133,137,203,203,162,170,112,124,108,114,189,193,121,137,195,197,118,118,305,313,206,222,176,184
Eau14CI17,126,132,133,141,193,203,170,170,108,112,114,114,193,199,123,125,197,205,120,122,313,329,206,206,172,176
Eau14CI18,132,136,135,139,187,199,162,170,108,112,114,118,193,209,123,125,207,211,118,122,305,357,210,238,176,176
Eau14CI21,122,142,122,135,193,199,174,174,112,116,110,116,193,237,119,119,195,199,108,124,305,317,206,226,172,180
Eau14CI22,126,142,122,129,189,189,166,174,116,116,114,120,195,225,123,125,205,209,108,126,301,321,210,238,172,172
Eau14CI23,122,122,129,133,189,201,166,170,108,116,112,120,193,195,121,125,205,211,120,122,325,333,206,206,172,176
Eau14CI24,134,148,131,135,193,197,174,178,116,116,114,116,187,193,121,125,195,211,118,122,301,305,222,242,172,180
U13-063,122,132,133,137,195,203,162,170,112,116,116,116,209,217,0,0,195,209,0,0,301,313,214,214,172,184
U13-064,138,142,137,141,207,207,166,178,108,116,106,116,0,0,0,0,205,205,0,0,317,320,222,238,172,176
U13-065,136,148,122,133,195,195,162,166,116,120,114,116,187,193,0,0,195,197,108,118,305,309,210,234,176,184
U13-066,122,136,120,141,203,203,174,174,104,108,112,120,189,193,0,0,197,203,122,124,305,308,214,214,172,184
U13-072,122,140,137,139,193,199,166,178,116,116,114,116,0,0,0,0,205,205,118,122,301,320,206,238,172,180
U13-073,0,0,133,141,189,203,170,174,112,116,112,116,193,193,0,0,195,207,118,120,301,305,222,234,172,180
U18-048,122,126,133,135,193,207,166,174,108,116,112,114,195,197,0,0,195,209,120,124,305,305,206,218,176,180
U18-055,124,138,133,133,191,203,174,178,112,112,114,116,215,239,0,0,195,211,118,124,329,352,206,210,184,184