SAMPLE,replicate,dlp,Sex (gel),Sex (LP),field data,linked cow/calf,EV1,EV1,EV14,EV14,EV37,EV37,GATA28,GATA28,GATA98,GATA98,GT23_Green,GT23_Green,RW18,RW18,RW31,RW31,RW410,RW410,RW48,RW48,TR3F4,TR3F4,TR3G1,TR3G1,TR3G2,TR3G2,,,GT211,GT211,RW51,RW51,TR3G10,TR3G10,RW26,RW26
Eau03NZ01,Eau03NZ02,B',F,,cow,,124,126,133,135,199,203,166,166,108,116,0,0,193,217,123,125,195,205,118,126,301,317,222,238,172,184,12,,,,108,108,210,210,162,172
Eau03NZ04,Eau06AI035,B+,F,,,,126,144,133,137,189,201,166,166,112,116,0,0,187,199,117,125,205,209,118,120,301,305,0,0,176,184,11,,,,96,96,210,214,172,176
Eau03NZ05,Eau03NZ11,A,M,,,,126,144,0,0,195,203,178,186,116,124,0,0,187,231,123,125,197,197,118,120,301,301,206,234,172,184,11,,,,104,104,214,214,164,164
Eau03NZ06,,A,M,,,,122,144,135,141,193,195,174,178,108,120,0,0,193,233,123,127,203,205,120,120,305,313,0,0,168,172,11,,,,106,106,202,210,170,172
Eau03NZ07,Eau03NZ09,D,M,,,,124,144,131,133,191,191,162,174,120,124,114,116,193,195,121,125,210,211,118,124,305,313,206,222,172,176,13,,,,96,104,210,210,178,178
Eau03NZ08,,B+,F,,,,124,126,133,135,189,203,166,166,112,116,0,0,193,225,121,123,197,205,118,120,309,320,214,222,180,184,12,,,,94,104,210,210,164,172
Eau03NZ10,,4.1,F,,,,126,140,131,133,199,203,174,178,104,108,0,0,189,195,125,125,195,207,120,124,301,341,238,238,176,180,12,,,,108,108,202,210,162,174
Eau03NZ12,,A,M,,,,122,126,133,141,201,203,166,166,108,112,0,0,199,231,125,127,197,205,118,120,305,305,222,222,176,176,12,,,,,,210,214,164,172
Eau04NZ01,,A,F,,,,126,148,0,0,193,199,166,174,116,120,0,0,193,241,125,125,197,197,118,118,301,305,214,234,176,176,11,,,,106,106,210,214,164,164
Eau05NZ01,U09096/ Eau05NZ02/Eau09NZ07,A,F,,cow,,122,136,120,133,187,203,166,174,104,124,0,0,189,193,125,125,191,203,108,126,305,317,238,238,180,184,12,,,,,,202,214,158,170
Eau05NZ05,Eau07AI050/Eau09AI154,A,F,,,,138,142,133,133,203,207,174,178,112,116,0,0,193,231,121,123,195,211,118,126,333,333,230,238,176,180,12,,,,96,104,,,162,178
Eau06NZ01,Eau06NZ02/03/Eau09AI155,A,F,,,,122,126,137,143,199,203,178,178,108,116,0,0,193,199,123,125,197,203,122,126,301,305,206,206,168,172,12,,,,94,102,214,214,164,170
Eau06NZ04,,C,F,,,,122,142,122,133,195,203,178,178,104,112,0,0,193,199,123,125,197,211,118,124,309,320,206,242,172,176,12,,,,94,94,,,,
Eau06NZ08(U06-124),,B+,M,,,,126,136,135,135,199,207,174,178,116,116,110,116,187,193,125,125,203,209,118,124,305,317,206,206,172,176,13,,,,94,94,210,214,170,178
Eau06NZ09 (U09016),,B+,M,,adult,,126,126,0,0,193,199,166,178,112,120,112,116,199,209,125,125,209,209,118,124,301,305,222,222,168,168,12,,87,96,94,94,,,176,178
Eau07NZ01(U07-078),,B+,M,,,,126,138,137,137,189,203,166,178,112,116,0,0,187,233,125,125,191,195,108,120,301,305,202,242,172,176,12,,,,94,96,214,214,158,162
Eau07NZ02(U07-079),Eau07NZ03(U07-080),B+,M,,,,126,126,133,139,195,207,166,178,116,120,106,118,215,231,123,123,205,209,122,126,305,308,238,238,168,184,13,,,,94,94,210,210,172,176
Eau07NZ04(U07-081),Eau08AI043,B+,F,,,,122,126,133,133,199,205,166,178,112,112,0,0,193,195,123,125,203,209,118,124,301,329,206,206,172,184,12,,,,94,96,202,214,,
Eau07NZ05(U07-090),,B+,F,,,,122,126,133,139,195,203,170,178,112,116,0,0,193,193,123,125,195,197,122,122,301,305,234,250,172,180,12,,,,,,210,210,162,164
Eau08NZ01(U08-050),,SWPJ,M,,,,140,144,0,0,195,203,166,178,108,112,0,0,189,193,121,125,207,209,122,122,305,345,206,226,172,184,11,,,,,,214,214,174,178
Eau08NZ02(U08-074),,A,F,,,,124,130,0,0,187,203,166,174,108,116,0,0,193,231,117,125,191,205,122,124,305,308,214,222,176,180,11,,,,,,210,210,158,172
Eau09NZ01 (U09090),Eau07AI038,C,F,,,,132,136,0,0,199,207,174,178,112,116,112,112,187,199,123,123,199,211,108,146,333,337,202,222,180,184,12,,87,98,92,106,,,166,178
Eau09NZ03 (U09092),,A,M,,,,122,148,0,0,189,201,166,178,112,116,110,114,193,193,123,125,197,205,108,120,325,353,206,234,172,184,12,,98,98,108,110,,,164,172
Eau09NZ04 (U09093),,B+,M,,,,126,126,0,0,201,203,166,174,116,116,110,116,199,199,123,125,197,199,118,120,301,333,234,238,172,172,12,,87,104,106,106,,,164,166
Eau09NZ05 (U09094),,B+,F,,,,126,130,0,0,187,201,174,178,112,120,112,116,187,187,125,125,199,199,108,124,305,333,222,238,172,188,12,,87,98,94,94,,,166,166
Eau09NZ08 (U09100),,A,F,,adult,,130,134,0,0,197,201,174,178,108,116,110,116,187,195,121,123,195,197,118,120,305,317,210,218,168,176,12,,87,94,94,106,,,162,164
Eau09NZ09 (U09101),Eau09NZ02 (U09091),A,F,,adult,,122,146,0,0,189,203,170,170,104,112,106,114,189,225,121,123,197,211,120,120,305,309,222,222,172,180,12,,96,104,96,106,,,164,178
Eau09NZ10 (U09-139),,C,M,,,,126,140,122,137,203,203,166,180,116,116,0,0,189,199,123,123,195,207,0,0,0,0,238,250,0,0,9,,98,104,94,96,210,214,162,174
Eau09NZ11 (U09-140),,B+,M,,adult,,122,126,133,135,195,203,162,166,108,116,0,0,193,195,121,125,195,211,118,118,301,309,234,242,172,184,12,,87,104,94,96,202,202,162,178
Eau09NZ12 (U09-141),,A,F,,juvenile,,0,0,122,133,0,0,174,178,104,120,0,0,193,209,117,125,195,OOB,118,122,301,301,222,222,172,176,9.5,,87,102,94,94,210,210,162,168
Eau09NZ13 (U09-142),Eau09NZ23 (U09152),B+,F,,adult,,126,148,133,135,189,189,166,178,116,116,0,0,193,193,117,125,195,209,120,120,333,353,222,234,180,184,12,,87,98,104,104,202,202,160,176
Eau09NZ14 (U09-143),,A,M,,adult,,122,124,129,137,197,203,174,178,108,112,0,0,189,193,123,125,0,0,120,122,305,353,238,242,176,176,11,,98,104,,,210,214,178,178
Eau09NZ15 (U09-144),,B+,F,,juvenile,,140,142,131,137,195,203,170,180,116,120,0,0,193,193,123,137,203,209,120,120,305,333,214,214,172,180,12,,96,96,96,96,210,210,170,176
Eau09NZ16 (U09-145),,A,M,,adult,,128,134,133,133,193,195,166,166,116,120,0,0,187,187,121,123,195,197,118,122,309,320,238,238,168,180,12,,94,104,94,112,210,214,162,164
Eau09NZ17 (U09-146),,A,F,,adult,,126,136,0,0,193,203,0,0,108,116,0,0,187,193,123,123,0,0,122,122,301,333,0,0,176,176,8,,,,,,210,210,,
Eau09NZ18 (U09-147),,B+,M,,juvenile,,122,132,131,133,203,207,162,166,104,112,114,114,195,195,121,123,195,205,0,0,305,305,0,0,172,184,11,,100,100,106,110,,,162,172
Eau09NZ19 (U09-148),Eau06AI100,B+,M,,adult,,126,126,133,133,187,191,178,178,112,112,112,116,195,195,123,125,203,207,118,124,305,305,234,238,176,180,13,,87,98,112,118,206,206,170,174
Eau09NZ21 (U09-150),,C,F,,cow,,126,140,133,133,193,203,166,174,112,112,114,114,187,199,123,137,203,207,118,122,329,333,206,214,172,184,13,,87,98,94,94,214,214,170,174
Eau09NZ22 (U09-151),Eau09NZ20 (U09149),A,F,,cow,,122,130,133,141,191,199,166,178,104,124,112,116,193,213,125,125,207,211,118,124,301,305,202,242,172,180,13,,98,98,94,118,210,210,174,178
Eau10NZ01,,B',M,,,,0,0,135,141,0,0,174,178,0,0,108,116,193,215,123,127,203,203,108,122,301,321,0,0,168,168,9,,,,,,,,,
Eau10NZ02,Eau06NZ05,A,F,,cow in 2006,,122,136,120,141,203,203,174,174,104,108,112,120,189,193,123,125,197,203,108,118,305,309,0,0,172,184,12,,,,,,,,,
Eau10NZ03,,A,F,,,,136,140,129,141,193,203,174,178,0,0,112,114,187,193,123,131,197,211,108,124,305,333,0,0,172,180,11,,,,,,,,,