Sample,Sex,Dlp,Repeat,Sample,EV1,EV1,EV14,EV14,EV37,EV37,GATA28,GATA28,GATA98,GATA98,GT23,GT23,RW18,RW18,RW31,RW31,RW410,RW410,RW48,RW48,TR3F4,TR3F4,TR3G1,TR3G1,TR3G2,TR3G2,,,CA232,CA232,EV94,EV94,GT310,GT310,normalised SI data,d15N,d13C,,Sample,Sex,Dlp,Repeat
Eau14CI01,F,BAKHAPB+,,Eau14CI01,124,138,122,133,189,203,162,182,112,116,112,112,187,217,121,125,205,211,120,124,309,317,214,222,172,184,13,,140,140,196,196,96,102,,8.414765911,-20.87236561,,Eau14CI01,F,BAKHAPB+,
Eau14CI02,M,PATHAP04,,Eau14CI02,126,126,133,137,193,203,174,178,112,112,116,118,187,193,119,125,205,209,108,120,309,309,202,202,168,180,13,,142,148,200,200,96,96,,N/A,N/A,,Eau14CI02,M,PATHAP04,
Eau14CI03,F,BAKHAPA,,Eau14CI03,122,134,129,133,203,203,174,174,112,116,114,116,187,199,123,123,195,205,118,120,317,317,222,222,168,176,13,,138,148,200,200,102,102,,8.715121008,-21.38336923,,Eau14CI03,F,BAKHAPA,
Eau14CI04,F,FAIL,,Eau14CI04,126,140,135,137,191,193,166,178,112,120,110,118,187,187,119,127,195,199,108,124,301,317,202,242,172,180,13,,140,142,200,200,96,102,,8.887956923,-21.06913714,,Eau14CI04,F,FAIL,
Eau14CI05,F,BAKHAPB+,,Eau14CI05,126,142,122,141,203,207,166,178,112,112,114,116,187,231,121,125,211,211,108,108,329,353,206,206,168,176,13,,140,140,196,196,96,102,,7.831971635,-19.49195308,,Eau14CI05,F,BAKHAPB+,
Eau14CI06,M,BAKHAPA,,Eau14CI06,126,142,135,139,201,207,166,166,104,108,116,116,193,199,125,125,195,211,118,122,313,313,222,222,172,176,13,,142,148,196,196,96,100,,N/A,N/A,,Eau14CI06,M,BAKHAPA,
Eau14CI07,M,BAKHAPC,,Eau14CI07,134,148,133,137,201,207,166,178,112,116,114,116,187,193,117,125,195,205,118,118,301,309,206,206,172,176,13,,140,148,196,196,100,100,,7.391450825,-20.72779877,,Eau14CI07,M,BAKHAPC,
Eau14CI08,F,BAKHAPC,,Eau14CI08,126,132,129,133,199,203,174,186,112,116,112,116,193,199,123,127,203,211,108,122,305,333,202,202,168,180,13,,138,140,196,200,100,102,,N/A,N/A,,Eau14CI08,F,BAKHAPC,
Eau14CI10,M,BAKHAPD,Eau14CI19,Eau14CI10,126,128,122,133,189,189,174,178,112,120,110,118,189,245,123,125,195,211,118,124,317,317,206,238,176,184,13,,140,148,196,196,100,100,,8.78256917,-21.70764069,,Eau14CI10,M,BAKHAPD,Eau14CI19
Eau14CI11,F,PATHAP04,,Eau14CI11,126,142,133,133,197,203,178,178,104,112,114,116,193,193,121,123,209,209,120,122,305,345,206,222,168,176,13,,148,148,196,196,94,98,,8.4621904,-19.52608692,,Eau14CI11,F,PATHAP04,
Eau14CI12,Faint F,BAKHAPA,,Eau14CI12,126,126,0,0,191,199,178,178,112,116,112,112,195,195,0,0,205,211,118,124,301,301,214,222,172,172,11,,140,148,190,196,0,0,,N/A,N/A,,Eau14CI12,Faint F,BAKHAPA,
Eau14CI13,M,BAKHAPB+,Eau14CI20,Eau14CI13,122,134,133,139,189,201,166,178,116,120,110,116,187,231,123,125,197,205,120,124,305,345,210,222,176,188,13,,140,148,196,200,96,102,,7.634896536,-20.80924311,,Eau14CI13,M,BAKHAPB+,Eau14CI20
Eau14CI14,M,PATHAP04,,Eau14CI14,122,138,129,135,191,193,174,182,112,116,112,116,187,193,119,125,195,211,120,122,325,329,218,218,176,184,13,,140,140,196,200,96,98,,7.315571643,-22.56926909,,Eau14CI14,M,PATHAP04,
Eau14CI15,F,BAKHAPB+,,Eau14CI15,126,126,122,137,191,193,174,178,112,116,114,116,193,195,121,123,209,209,118,120,305,309,0,0,176,184,12,,140,142,196,196,100,100,,7.542155313,-20.96711211,,Eau14CI15,F,BAKHAPB+,
Eau14CI16,F,BAKHAPB+,,Eau14CI16,138,148,133,137,203,203,162,170,112,124,108,114,189,193,121,137,195,197,118,118,305,313,206,222,176,184,13,,142,148,196,196,96,100,,7.083718586,-20.63192285,,Eau14CI16,F,BAKHAPB+,
Eau14CI17,M,BAKHAPA,,Eau14CI17,126,132,133,141,193,203,170,170,108,112,114,114,193,199,123,125,197,205,120,122,313,329,206,206,172,176,13,,140,146,196,200,100,100,,8.303054892,-21.60586664,,Eau14CI17,M,BAKHAPA,
Eau14CI18,M,FAIL,,Eau14CI18,132,136,135,139,187,199,162,170,108,112,114,118,193,209,123,125,207,211,118,122,305,357,210,238,176,176,13,,136,140,196,196,100,102,,N/A,N/A,,Eau14CI18,M,,
Eau14CI21,M,BAKHAPC,,Eau14CI21,122,142,122,135,193,199,174,174,112,116,110,116,193,237,119,119,195,199,108,124,305,317,206,226,172,180,13,,140,146,196,200,96,100,,7.13746634,-20.00596851,,Eau14CI21,M,BAKHAPC,
Eau14CI22,M,BAKHAPA,,Eau14CI22,126,142,122,129,189,189,166,174,116,116,114,120,195,225,123,125,205,209,108,126,301,321,210,238,172,172,13,,140,142,196,200,96,100,,8.734090803,-20.16270808,,Eau14CI22,M,BAKHAPA,
Eau14CI23,F,BAKHAPB',,Eau14CI23,122,122,129,133,189,201,166,170,108,116,112,120,193,195,121,125,205,211,120,122,325,333,206,206,172,176,13,,140,148,196,196,100,100,,7.997430407,-20.33350276,,Eau14CI23,F,BAKHAPB',
Eau14CI24,M,BAKHAPA,,Eau14CI24,134,148,131,135,193,197,174,178,116,116,114,116,187,193,121,125,195,211,118,122,301,305,222,242,172,180,13,,140,150,196,196,100,100,,7.476814906,-19.89189624,,Eau14CI24,M,BAKHAPA,
,,,,,,,,,,,,,,,,,,,,,,,,,,,,,,,12.85714286,,,,,,,,,,,,,,,
,10,3,,,,,,,,,,,,,,,,,,,,,,,,,,,,,,,,,,,,,,,,,,,,
,,,,,,,,,,,,,,,,,,,,,,,,,,,,,,,,,,,,,,,,,,,,,,
,,,,,,,,,,,,,,,,,,,,,,,,,,,,,,,,,,,,,,,,,,,,,,
,,,,,,,,,,,,,,,,,,,,,,,,,,,,,,,,,,,,,,,,,,,,,,
,,,,,,,,,,,,,,,,,,,,,,,,,,,,,,,,,,,,,,,,,,,,,,
,,,,,,,,,,,,,,,,,,,,,,,,,,,,,,,,,,,,,,,,,,,,,,
,,,,,,,,,,,,,,,,,,,,,,,,,,,,,,,,,,,,,,,,,,,,,,
,bakhapA,6,,,,,,,,,,,,,,,,,,,,,,,,,,,,,,,,,,,,,,,,,,,,
,B+,5,,,,,,,,,,,,,,,,,,,,,,,,,,,,,,,,,,,,,,,,,,,,
,B',1,,,,,,,,,,,,,,,,,,,,,,,,,,,,,,,,,,,,,,,,,,,,
,C,3,,,,,,,,,,,,,,,,,,,,,,,,,,,,,,,,,,,,,,,,,,,,
,D,1,,,,,,,,,,,,,,,,,,,,,,,,,,,,,,,,,,,,,,,,,,,,
,PATHAP04,3,,,,,,,,,,,,,,,,,,,,,,,,,,,,,,,,,,,,,,,,,,,,
,Fail,2,,,,,,,,,,,,,,,,,,,,,,,,,,,,,,,,,,,,,,,,,,,,
,,21,,,,,,,,,,,,,,,,,,,,,,,,,,,,,,,,,,,,,,,,,,,,