Sample Name,Match,bym,bsm,DLP,SEX,field data,1995,1996,1997,1998,2006,2007,2008,2009,,,mark,cow95,cow96,cow97,cow98,cow06,cow07,cow08,cow09,EV1a,EV1b,EV14a,EV14b,EV37a,EV37b,GATA28a,GATA28b,GATA98a,GATA98b,GT23a,GT23b,RW18a,RW18b,RW31a,RW31b,RW410a,RW410b,RW48a,RW48b,TR3F4a,TR3F4b,TR3G1a,TR3G1b,TR3G2a,TR3G2b,
Eau06AI001,,Eau07AI041,,A,F,cow in 2006,0,0,0,0,1,1,0,0,2,1;,00001100 1;,0,0,0,0,1,0,0,0,126,148,122,135,189,207,182,186,108,112,114,120,193,199,0,0,195,211,108,122,309,309,206,206,176,184,12
Eau06AI002,,,,A,F,cow,0,0,0,0,1,0,0,0,1,1;,00001000 1;,0,0,0,0,1,0,0,0,122,148,122,133,187,189,178,182,108,108,110,120,189,199,121,125,203,211,108,118,301,309,234,234,176,184,13
Eau06AI003,"Eau06AI064 (C,F)",,,C,F,cow,0,0,0,0,1,0,0,0,1,1;,00001000 1;,0,0,0,0,1,0,0,0,126,134,133,133,201,207,0,0,108,116,116,120,193,195,121,125,191,195,108,118,313,333,0,0,176,180,11
Eau06AI004,,,,B',F,,0,0,0,0,1,0,0,0,1,1;,00001000 1;,0,0,0,0,0,0,0,0,126,142,129,133,195,203,162,178,108,116,114,116,193,199,123,123,201,205,108,124,305,333,222,222,168,176,13
Eau06AI005,,,,A,F,,0,0,0,0,1,0,0,0,1,1;,00001000 1;,0,0,0,0,0,0,0,0,122,158,133,137,193,195,178,178,104,116,112,116,193,193,119,127,199,203,118,120,309,320,206,210,168,172,13
Eau06AI006,,,,B',F,,0,0,0,0,1,0,0,0,1,1;,00001000 1;,0,0,0,0,0,0,0,0,126,142,0,0,195,203,166,178,112,112,114,118,193,209,117,127,195,209,108,122,301,309,206,210,172,176,12
Eau06AI009,,,,A,F,cow,0,0,0,0,1,0,0,0,1,1;,00001000 1;,0,0,0,0,1,0,0,0,122,122,133,139,187,189,168,174,108,108,106,116,193,199,123,123,203,205,118,122,0,0,234,238,168,172,12
Eau06AI010,,,,A,F,,0,0,0,0,1,0,0,0,1,1;,00001000 1;,0,0,0,0,0,0,0,0,148,158,0,0,191,203,0,0,104,116,114,116,193,199,117,123,197,211,108,122,301,305,222,238,172,172,11
Eau06AI022,,,,B+,F,,0,0,0,0,1,0,0,0,1,1;,00001000 1;,0,0,0,0,0,0,0,0,126,136,133,135,199,207,0,0,116,116,110,114,193,195,123,123,203,205,118,118,301,305,0,0,0,0,10
Eau06AI025,,,,A,F,cow,0,0,0,0,1,0,0,0,1,1;,00001000 1;,0,0,0,0,1,0,0,0,126,140,135,141,189,203,0,0,112,112,116,120,195,195,121,125,203,209,124,126,0,0,214,238,176,176,11
Eau06AI026,,,,PATMALHAPB,F,cow,0,0,0,0,1,0,0,0,1,1;,00001000 1;,0,0,0,0,1,0,0,0,128,136,133,133,193,201,178,178,108,108,116,116,197,219,117,125,199,203,124,126,301,305,206,238,184,184,13
Eau06AI034,,,,B+,F,,0,0,0,0,1,0,0,0,1,1;,00001000 1;,0,0,0,0,0,0,0,0,122,142,133,139,195,203,162,174,112,116,118,120,187,193,123,125,195,209,106,122,301,305,222,238,176,184,13
Eau06AI035,,,,B+,F,,0,0,0,0,1,0,0,0,1,1;,00001000 1;,0,0,0,0,0,0,0,0,126,144,133,137,189,201,166,166,112,116,116,116,187,199,117,125,205,209,118,120,301,305,0,0,176,184,12
Eau06AI038,,,,D,F,cow,0,0,0,0,1,0,0,0,1,1;,00001000 1;,0,0,0,0,1,0,0,0,122,140,129,141,197,203,166,178,112,120,108,110,189,193,123,123,191,211,120,126,305,313,0,0,168,172,12
Eau06AI039,,Eau08AI151,Eau96AI017; Eau98AI035,A,F,cow in 2008,0,1,0,1,1,0,1,0,4,1;,01011010 1;,0,0,0,0,0,0,1,0,128,136,133,137,197,207,166,178,108,116,112,114,197,199,121,125,210,211,120,122,317,337,238,238,176,184,13
Eau06AI042,,,,D,F,cow,0,0,0,0,1,0,0,0,1,1;,00001000 1;,0,0,0,0,1,0,0,0,128,134,0,0,195,199,174,178,116,116,112,114,187,195,123,123,205,207,108,122,317,345,210,222,176,180,12
Eau06AI043,,,,A,F,cow,0,0,0,0,1,0,0,0,1,1;,00001000 1;,0,0,0,0,1,0,0,0,132,134,131,137,199,199,178,178,112,120,114,116,0,0,123,137,205,211,118,120,301,301,206,238,180,184,12
Eau06AI047,,,,A,F,cow,0,0,0,0,1,0,0,0,1,1;,00001000 1;,0,0,0,0,1,0,0,0,122,134,133,133,201,203,174,174,112,112,114,116,187,199,123,125,195,211,120,124,309,317,0,0,168,176,12
Eau06AI049,"Eau06AI050 (C,F)",,,C,F,cow,0,0,0,0,1,0,0,0,1,1;,00001000 1;,0,0,0,0,1,0,0,0,124,148,120,135,201,201,178,178,112,112,114,114,193,193,123,125,197,205,118,120,317,320,222,222,176,180,13
Eau06AI051,"Eau06AI084 (B+, F)",,,B+,F,cow,0,0,0,0,1,0,0,0,1,1;,00001000 1;,0,0,0,0,1,0,0,0,126,136,0,0,193,205,166,178,112,116,112,114,193,225,123,125,195,209,120,124,305,317,206,206,172,176,12
Eau06AI052,,,,A,F,,0,0,0,0,1,0,0,0,1,1;,00001000 1;,0,0,0,0,0,0,0,0,134,144,0,0,203,205,0,0,108,116,112,114,193,195,123,123,197,209,118,124,301,309,0,0,172,176,10
Eau06AI053,,,,D,F,cow,0,0,0,0,1,0,0,0,1,1;,00001000 1;,0,0,0,0,1,0,0,0,126,130,131,133,199,201,174,178,108,116,116,118,193,199,117,125,197,197,118,122,301,333,206,222,0,0,12
Eau06AI054,Eau06AI069,,,D,F,,0,0,0,0,1,0,0,0,1,1;,00001000 1;,0,0,0,0,0,0,0,0,122,130,137,137,201,207,166,166,112,120,114,118,187,187,121,121,195,209,106,108,301,301,206,234,184,184,13
Eau06AI058,,,,A,F,,0,0,0,0,1,0,0,0,1,1;,00001000 1;,0,0,0,0,0,0,0,0,122,132,0,0,199,203,162,178,116,116,110,112,187,197,121,123,191,203,122,124,309,317,222,238,168,176,12
Eau06AI060,,Eau08AI007,,B+,F,,0,0,0,0,1,0,1,0,2,1;,00001010 1;,0,0,0,0,0,0,0,0,134,148,133,137,193,203,166,178,108,108,110,122,195,195,123,123,195,197,108,120,320,353,222,238,176,188,13
Eau06AI063,,,,A,F,,0,0,0,0,1,0,0,0,1,1;,00001000 1;,0,0,0,0,0,0,0,0,122,142,133,135,203,203,166,174,108,116,114,118,193,195,123,125,203,207,106,124,301,317,0,0,176,180,12
Eau06AI071,,,,A,F,,0,0,0,0,1,0,0,0,1,1;,00001000 1;,0,0,0,0,0,0,0,0,124,138,0,0,191,203,0,0,112,116,112,114,187,195,121,123,209,211,118,120,305,305,0,0,0,0,9
Eau06AI075,"Eau06AI074 (D, F)",,,D,F,,0,0,0,0,1,0,0,0,1,1;,00001000 1;,0,0,0,0,0,0,0,0,126,136,131,133,203,203,166,178,104,116,114,116,193,193,0,0,195,209,120,120,309,309,210,210,172,184,12
Eau06AI076,,,,B',F,,0,0,0,0,1,0,0,0,1,1;,00001000 1;,0,0,0,0,0,0,0,0,126,138,133,139,191,207,174,178,112,112,118,118,0,0,121,123,205,211,120,122,0,0,206,234,0,0,10
Eau06AI077,"Eau06AI078 (D,F) & Eau06AI067 (B+, F)",,,D,F,,0,0,0,0,1,0,0,0,1,1;,00001000 1;,0,0,0,0,0,0,0,0,130,138,133,133,195,201,170,178,104,112,114,114,187,189,121,125,203,209,106,120,305,333,234,238,172,172,13
Eau06AI083,,,,B+,F,,0,0,0,0,1,0,0,0,1,1;,00001000 1;,0,0,0,0,0,0,0,0,140,158,131,133,189,205,166,166,112,116,116,116,193,195,127,127,203,205,108,118,305,305,0,0,176,180,12
Eau06AI088,,,,B+,F,cow,0,0,0,0,1,0,0,0,1,1;,00001000 1;,0,0,0,0,1,0,0,0,126,142,133,133,199,199,166,166,112,116,114,118,0,0,119,125,203,211,122,124,301,333,238,238,176,180,12
Eau06AI090,,,,B+,F,cow,0,0,0,0,1,0,0,0,1,1;,00001000 1;,0,0,0,0,1,0,0,0,122,134,133,137,189,193,166,166,116,120,118,120,0,0,121,123,197,205,108,126,0,0,0,0,168,172,10
Eau06AI093,,,,D,F,,0,0,0,0,1,0,0,0,1,1;,00001000 1;,0,0,0,0,0,0,0,0,126,126,133,135,199,203,166,170,112,112,116,116,193,193,125,125,197,209,118,124,0,0,234,234,0,0,11
Eau06AI094,,,,n/a,F,,0,0,0,0,1,0,0,0,1,1;,00001000 1;,0,0,0,0,0,0,0,0,122,126,120,137,195,203,166,178,116,116,116,118,193,193,123,125,199,211,118,122,301,309,214,214,0,0,12
Eau06AI103,,Eau08AI137,,A,F,cow in 2008,0,0,0,0,1,0,1,0,2,1;,00001010 1;,0,0,0,0,0,0,1,0,130,134,131,141,191,203,162,170,116,120,114,118,189,213,121,125,209,211,108,120,305,309,210,222,172,176,13
Eau06AI106,,,,C,F,,0,0,0,0,1,0,0,0,1,1;,00001000 1;,0,0,0,0,0,0,0,0,0,0,0,0,197,199,174,178,116,116,114,120,193,195,123,123,195,203,120,124,301,301,234,238,172,184,11
Eau06AI113,"Eau06AI095 (4.1, F)",,,PORHAP4.1,F,cow & cow,0,0,0,0,1,0,0,0,1,1;,00001000 1;,0,0,0,0,1,0,0,0,0,0,133,137,195,203,178,178,104,112,116,116,193,225,123,123,205,209,120,122,301,305,206,222,168,172,12
Eau06AI120,,,Eau98AI077,A,F,cow in 2006,0,0,0,1,1,0,0,0,2,1;,00011000 1;,0,0,0,0,1,0,0,0,0,0,133,135,195,207,162,178,112,116,116,118,189,193,123,123,201,211,108,120,301,305,202,202,176,176,12
Eau06AI124,"Eau06AI105 (B+,F)",,,B+,F,,0,0,0,0,1,0,0,0,1,1;,00001000 1;,0,0,0,0,0,0,0,0,134,138,135,139,193,193,174,178,108,108,108,112,193,215,123,127,205,205,118,120,0,0,214,238,168,172,12
Eau06AI126,,Eau08AI002,,D,F,,0,0,0,0,1,0,1,0,2,1;,00001010 1;,0,0,0,0,0,0,0,0,124,148,133,137,189,201,170,170,108,112,108,110,189,193,123,123,205,209,106,120,301,305,206,214,180,184,13
Eau06AI127,,,,A,F,,0,0,0,0,1,0,0,0,1,1;,00001000 1;,0,0,0,0,0,0,0,0,146,148,0,0,203,207,166,178,112,120,116,120,0,0,123,123,195,205,118,118,305,333,206,238,168,180,11
Eau06AI129,,Eau07AI150,,A,F,,0,0,0,0,1,1,0,0,2,1;,00001100 1;,0,0,0,0,0,0,0,0,136,140,133,139,199,201,166,174,104,120,116,116,189,209,125,125,191,197,122,122,301,337,206,250,176,180,13
Eau06AI138,,Eau07AI015,,A,F,,0,0,0,0,1,1,0,0,2,1;,00001100 1;,0,0,0,0,0,0,0,0,122,130,122,141,199,199,174,178,112,112,112,118,193,199,125,125,203,210,118,122,333,353,0,0,168,172,12
Eau06AI139,,,,A,F,,0,0,0,0,1,0,0,0,1,1;,00001000 1;,0,0,0,0,0,0,0,0,124,132,133,137,189,199,162,178,108,120,114,116,193,193,121,125,203,205,118,126,301,305,206,222,168,176,13
Eau06AI142,,,,A,F,cow,0,0,0,0,1,0,0,0,1,1;,00001000 1;,0,0,0,0,1,0,0,0,132,146,137,141,193,207,170,178,108,120,112,114,193,193,123,127,205,205,108,120,301,329,206,238,176,180,13
Eau07AI002,"Eau07AI019 (B', F) & Eau07AI122 (B', F)",,,B',F,,0,0,0,0,0,1,0,0,1,1;,00000100 1;,0,0,0,0,0,0,0,0,122,140,129,133,189,195,166,178,116,116,110,116,189,195,123,123,195,205,118,120,301,305,206,214,172,184,13
Eau07AI006,"Eau07AI171 (A, F, COW)",,,A,F,cow,0,0,0,0,0,1,0,0,1,1;,00000100 1;,0,0,0,0,0,1,0,0,126,140,122,143,193,195,170,178,104,112,110,114,199,209,117,123,0,0,122,124,301,309,222,222,172,180,12
Eau07AI017,,,,B+,F,,0,0,0,0,0,1,0,0,1,1;,00000100 1;,0,0,0,0,0,0,0,0,126,128,0,0,191,191,174,174,112,116,112,114,193,193,121,125,195,205,118,118,305,333,206,206,172,176,12
Eau07AI018,,,,A,F,cow,0,0,0,0,0,1,0,0,1,1;,00000100 1;,0,0,0,0,0,1,0,0,136,148,122,129,193,199,166,180,108,112,108,120,193,195,123,123,203,210,106,120,329,333,222,222,180,184,13
Eau07AI021,,,,B+,F,,0,0,0,0,0,1,0,0,1,1;,00000100 1;,0,0,0,0,0,0,0,0,122,142,125,129,189,197,166,170,0,0,114,116,187,209,125,125,199,205,122,124,309,313,238,238,184,184,12
Eau07AI026,"Eau07AI197 (D, F, COW)",,,D,F,cow (calf is 196),0,0,0,0,0,1,0,0,1,1;,00000100 1;,0,0,0,0,0,1,0,0,122,122,135,141,201,203,170,178,112,112,116,118,187,195,121,125,209,211,120,122,305,329,0,0,172,176,12
Eau07AI032,"Eau07AI169 (B+, F, COW)",,,B+,F,cow,0,0,0,0,0,1,0,0,1,1;,00000100 1;,0,0,0,0,0,1,0,0,122,126,133,133,201,201,166,166,112,116,116,116,193,231,123,125,203,205,118,120,325,329,206,218,172,184,13
Eau07AI037,"Eau07AI208 (D,F)",,,D,F,,0,0,0,0,0,1,0,0,1,1;,00000100 1;,0,0,0,0,0,0,0,0,126,134,133,133,195,203,174,178,116,116,112,112,193,195,123,127,207,207,118,122,317,345,222,222,0,0,12
Eau07AI038,,,,C,F,,0,0,0,0,0,1,0,0,1,1;,00000100 1;,0,0,0,0,0,0,0,0,132,136,0,0,199,207,0,0,0,0,112,112,187,199,123,123,199,211,108,146,333,337,202,222,180,184,10
Eau07AI042,"Eau07AI216 (B+, F)",,,B+,F,,0,0,0,0,0,1,0,0,1,1;,00000100 1;,0,0,0,0,0,0,0,0,126,126,133,139,199,207,166,166,108,116,118,120,187,189,121,125,205,211,120,122,305,333,222,222,180,184,13
Eau07AI043,,,,B',F,,0,0,0,0,0,1,0,0,1,1;,00000100 1;,0,0,0,0,0,0,0,0,126,142,133,143,199,199,162,174,112,116,112,116,0,0,117,123,209,211,120,122,0,0,0,0,176,180,10
Eau07AI045,,,,PORHAP4,F,,0,0,0,0,0,1,0,0,1,1;,00000100 1;,0,0,0,0,0,0,0,0,126,148,137,141,201,203,166,178,104,116,114,116,195,199,123,123,197,197,108,124,301,305,214,238,168,176,13
Eau07AI047,,,,A,F,,0,0,0,0,0,1,0,0,1,1;,00000100 1;,0,0,0,0,0,0,0,0,126,140,135,139,193,203,166,166,116,124,116,118,193,193,0,0,203,205,118,122,313,320,238,238,172,184,12
Eau07AI052,,,Eau95AI022,E,F,cow in 2007,1,0,0,0,0,1,0,0,2,1;,10000100 1;,0,0,0,0,0,1,0,0,126,132,131,133,193,203,174,178,0,0,116,120,193,245,121,123,191,195,120,124,313,329,0,0,176,184,11
Eau07AI057,"Eau07AI056 (PORHAP4, M/F)",,,PORHAP4,F,,0,0,0,0,0,1,0,0,1,1;,00000100 1;,0,0,0,0,0,0,0,0,130,134,133,141,193,201,166,174,104,120,114,118,189,193,121,123,191,205,108,120,301,305,222,226,176,176,13
Eau07AI059,"Eau07AI137 (B+,F)",,,B+,F,,0,0,0,0,0,1,0,0,1,1;,00000100 1;,0,0,0,0,0,0,0,0,126,146,133,137,0,0,174,178,112,116,116,116,187,195,121,125,195,203,108,118,313,337,222,238,168,184,12
Eau07AI062,,,,B+,F,,0,0,0,0,0,1,0,0,1,1;,00000100 1;,0,0,0,0,0,0,0,0,126,144,133,133,191,193,0,0,112,112,110,110,189,193,123,125,197,209,108,126,301,301,210,238,172,184,12
Eau07AI066,,,,B+,F,,0,0,0,0,0,1,0,0,1,1;,00000100 1;,0,0,0,0,0,0,0,0,122,148,133,141,193,201,166,174,112,116,116,118,193,193,123,125,205,211,120,122,309,329,206,234,172,172,13
Eau07AI069,,,,A,F,cow,0,0,0,0,0,1,0,0,1,1;,00000100 1;,0,0,0,0,0,1,0,0,122,136,120,133,193,199,166,174,112,116,112,118,187,195,123,125,205,210,118,120,305,309,218,222,168,184,13
Eau07AI070,"Eau07AI055 (B+, F)",,,B+,F,cow,0,0,0,0,0,1,0,0,1,1;,00000100 1;,0,0,0,0,0,1,0,0,142,142,133,133,195,201,166,166,112,116,114,116,187,233,117,125,195,195,0,0,320,329,238,238,172,184,12
Eau07AI071,"Eau07AI147 & Eau07AI148 (D, F, BOTH)",,,D,F,cow,0,0,0,0,0,1,0,0,1,1;,00000100 1;,0,0,0,0,0,1,0,0,130,148,137,141,195,201,162,170,112,124,114,114,187,195,125,125,195,209,106,122,301,305,214,234,180,184,13
Eau07AI072,,,,E,F,cow,0,0,0,0,0,1,0,0,1,1;,00000100 1;,0,0,0,0,0,1,0,0,124,126,141,141,203,203,166,170,104,112,114,114,193,193,125,125,203,211,118,118,309,353,210,210,184,184,13
Eau07AI074,"Eau07AI012 (B+,F)",,Eau98AI053,B+,F,cow in 2007,0,0,0,1,0,1,0,0,2,1;,00010100 1;,0,0,0,0,0,1,0,0,130,148,122,137,195,203,166,180,104,116,112,118,195,239,123,125,195,197,108,118,305,309,222,234,168,172,13
Eau07AI075,,,Eau95AI030,B',F,cow & cow,1,0,0,0,0,1,0,0,2,1;,10000100 1;,1,0,0,0,0,1,0,0,126,128,133,139,203,207,178,178,112,112,116,118,195,209,119,121,199,205,122,124,301,333,206,242,176,184,13
Eau07AI077,,,,B+,F,,0,0,0,0,0,1,0,0,1,1;,00000100 1;,0,0,0,0,0,0,0,0,122,126,133,133,199,205,166,186,112,120,116,118,187,195,123,125,205,211,108,122,301,333,234,238,168,172,13
Eau07AI080,,,,PATMALHAPB,F,cow,0,0,0,0,0,1,0,0,1,1;,00000100 1;,0,0,0,0,0,1,0,0,128,144,0,0,191,201,0,0,104,108,112,116,189,219,117,125,199,209,122,126,301,301,206,222,168,184,11
Eau07AI082,,,,B',F,cow,0,0,0,0,0,1,0,0,1,1;,00000100 1;,0,0,0,0,0,1,0,0,124,142,133,133,189,191,166,174,112,116,114,114,193,239,123,123,195,211,108,124,313,329,206,206,172,184,13
Eau07AI086,,,,B+,F,cow,0,0,0,0,0,1,0,0,1,1;,00000100 1;,0,0,0,0,0,1,0,0,122,122,129,133,191,207,178,178,104,112,112,118,189,199,117,127,203,211,118,120,305,333,222,234,168,184,13
Eau07AI088,,,,B+,F,cow,0,0,0,0,0,1,0,0,1,1;,00000100 1;,0,0,0,0,0,1,0,0,126,126,133,133,191,201,166,178,112,112,112,114,195,231,123,123,203,207,118,122,329,333,206,238,172,188,13
Eau07AI089,"Eau07AI109 (D, F)",,,D,F,,0,0,0,0,0,1,0,0,1,1;,00000100 1;,0,0,0,0,0,0,0,0,122,122,133,133,193,199,166,166,104,116,114,114,187,215,119,125,199,205,118,126,0,0,218,222,168,176,12
Eau07AI090,,,,B+,F,,0,0,0,0,0,1,0,0,1,1;,00000100 1;,0,0,0,0,0,0,0,0,126,140,133,133,207,207,166,178,112,116,114,118,199,209,123,123,195,209,122,124,305,305,206,206,168,172,13
Eau07AI098,,,,D,F,,0,0,0,0,0,1,0,0,1,1;,00000100 1;,0,0,0,0,0,0,0,0,130,148,131,133,201,203,170,170,112,124,108,114,193,193,121,125,0,0,118,120,0,0,234,234,172,180,11
Eau07AI099,,,,B+,F,,0,0,0,0,0,1,0,0,1,1;,00000100 1;,0,0,0,0,0,0,0,0,122,134,122,131,199,203,166,166,112,112,112,120,189,193,121,125,207,211,118,118,305,317,0,0,168,184,12
Eau07AI100,,Eau08AI177,,D,F,,0,0,0,0,0,1,1,0,2,1;,00000110 1;,0,0,0,0,0,0,0,0,126,138,0,0,187,203,166,178,112,124,110,120,193,215,117,125,203,205,108,122,305,333,222,222,172,172,12
Eau07AI101,Eau07AI149,,,D,F,,0,0,0,0,0,1,0,0,1,1;,00000100 1;,0,0,0,0,0,0,0,0,134,148,133,135,193,201,166,178,112,112,114,120,187,227,123,125,205,211,118,120,305,313,206,222,172,180,13
Eau07AI104,,,,A,F,,0,0,0,0,0,1,0,0,1,1;,00000100 1;,0,0,0,0,0,0,0,0,126,136,135,137,189,203,170,178,108,108,112,120,187,199,123,123,207,210,118,122,301,333,0,0,172,172,12
Eau07AI107,"Eau07AI044 (A,F)",,,A,F,,0,0,0,0,0,1,0,0,1,1;,00000100 1;,0,0,0,0,0,0,0,0,142,148,131,133,203,203,166,174,116,116,114,120,0,0,0,0,201,205,118,118,305,317,206,206,172,184,11
Eau07AI108,,,,A,F,,0,0,0,0,0,1,0,0,1,1;,00000100 1;,0,0,0,0,0,0,0,0,124,148,131,135,193,203,170,186,108,116,116,120,189,193,125,125,203,207,118,118,301,317,222,234,172,176,13
Eau07AI111,,,,C,F,,0,0,0,0,0,1,0,0,1,1;,00000100 1;,0,0,0,0,0,0,0,0,122,148,133,135,203,203,174,178,104,116,116,120,195,231,123,125,197,205,122,124,305,317,234,234,172,184,13
Eau07AI114,,,,B+,F,,0,0,0,0,0,1,0,0,1,1;,00000100 1;,0,0,0,0,0,0,0,0,130,142,133,133,187,191,166,178,136,140,114,116,0,0,117,125,199,205,108,118,301,305,206,250,172,180,12
Eau07AI121,,,,A,F,,0,0,0,0,0,1,0,0,1,1;,00000100 1;,0,0,0,0,0,0,0,0,122,126,135,141,199,203,166,170,112,120,116,116,0,0,125,125,209,210,120,122,305,313,222,234,172,176,12
Eau07AI125,"Eau07AI163 (A, F)",,,A,F,,0,0,0,0,0,1,0,0,1,1;,00000100 1;,0,0,0,0,0,0,0,0,126,126,133,139,189,203,166,178,108,108,106,116,187,189,123,125,205,205,118,124,301,313,222,222,184,188,13
Eau07AI126,,,,A,F,,0,0,0,0,0,1,0,0,1,1;,00000100 1;,0,0,0,0,0,0,0,0,122,142,133,133,199,203,166,178,108,124,110,116,0,0,125,127,207,211,118,122,305,333,0,0,172,180,11
Eau07AI129,,,,D,F,cow (calf is 128),0,0,0,0,0,1,0,0,1,1;,00000100 1;,0,0,0,0,0,1,0,0,122,140,137,141,203,203,170,178,112,120,108,112,189,215,123,125,199,211,120,126,301,305,238,238,168,172,13
Eau07AI130,,,,A,F,,0,0,0,0,0,1,0,0,1,1;,00000100 1;,0,0,0,0,0,0,0,0,122,122,131,133,195,199,170,174,112,116,114,116,187,193,0,0,195,199,118,122,0,0,222,222,168,172,11
Eau07AI131,,,,A,F,,0,0,0,0,0,1,0,0,1,1;,00000100 1;,0,0,0,0,0,0,0,0,122,126,133,135,195,207,178,186,112,112,114,120,0,0,123,123,205,207,122,124,309,345,222,238,172,172,12
Eau07AI141,,,Eau95AI061,B+,F,cow & cow,1,0,0,0,0,1,0,0,2,1;,10000100 1;,1,0,0,0,0,1,0,0,122,142,133,133,195,199,178,178,112,116,116,116,187,225,125,125,205,205,108,120,301,317,206,238,168,180,13
Eau07AI143,,,,A,F,cow,0,0,0,0,0,1,0,0,1,1;,00000100 1;,0,0,0,0,0,1,0,0,122,126,133,137,193,203,174,178,112,124,114,118,193,193,125,125,205,205,108,122,301,308,206,206,180,184,13
Eau07AI144,,,,A,F,cow,0,0,0,0,0,1,0,0,1,1;,00000100 1;,0,0,0,0,0,1,0,0,122,132,133,137,189,207,162,178,108,120,114,114,0,0,0,0,205,211,118,124,305,329,206,238,176,184,11
Eau07AI146,,,,A,F,,0,0,0,0,0,1,0,0,1,1;,00000100 1;,0,0,0,0,0,0,0,0,134,136,120,133,199,199,166,170,116,120,114,118,0,0,121,125,195,210,118,122,305,341,222,238,172,172,12
Eau07AI154,"Eau07AI213 (b+, F)",,,B+,F,cow,0,0,0,0,0,1,0,0,1,1;,00000100 1;,0,0,0,0,0,1,0,0,122,126,133,139,193,193,174,178,112,112,112,118,193,193,123,125,195,205,120,120,301,305,210,210,168,184,13
Eau07AI155,"Eau07AI116 (B+,F) & Eau07AI117 (B+,F)",,,B+,F,,0,0,0,0,0,1,0,0,1,1;,00000100 1;,0,0,0,0,0,0,0,0,130,144,133,133,189,199,170,178,104,116,112,116,187,199,121,125,191,205,118,124,301,317,222,222,172,172,13
Eau07AI157,,Eau06AI137,,A,F,,0,0,0,0,1,1,0,0,2,1;,00001100 1;,0,0,0,0,0,0,0,0,122,122,133,133,199,199,174,178,116,116,116,118,187,195,123,125,205,205,120,120,309,313,218,218,168,184,13
Eau07AI164,"Eau07AI008 (B+,F) & Eau07AI134 (B+,F) & Eau07AI135 (B+,F) & Eau07AI011 (B+,F)",,,B+,F,,0,0,0,0,0,1,0,0,1,1;,00000100 1;,0,0,0,0,0,0,0,0,136,142,133,133,189,201,166,166,108,112,110,116,187,195,125,125,205,205,120,124,305,320,222,222,172,172,13
Eau07AI167,"Eau07AI166 (A, F)",,,A,F,,0,0,0,0,0,1,0,0,1,1;,00000100 1;,0,0,0,0,0,0,0,0,126,138,133,133,187,203,166,178,116,116,114,116,193,195,117,125,203,203,118,122,301,333,238,238,172,176,13
Eau07AI173,,,,B+,F,cow,0,0,0,0,0,1,0,0,1,1;,00000100 1;,0,0,0,0,0,1,0,0,132,148,129,133,203,207,174,186,0,0,118,120,189,193,123,125,205,211,118,120,301,329,222,222,172,180,12
Eau07AI174,,,Eau96AI026,A,F,cow & cow,0,1,0,0,0,1,0,0,2,1;,01000100 1;,0,1,0,0,0,1,0,0,124,130,129,135,201,203,166,166,112,112,112,116,189,193,123,125,201,211,120,120,301,305,202,242,172,184,13
Eau07AI175,,,,D,F,,0,0,0,0,0,1,0,0,1,1;,00000100 1;,0,0,0,0,0,0,0,0,126,142,133,133,195,203,166,174,116,116,112,116,193,239,123,125,195,209,108,122,305,309,202,238,172,176,13
Eau07AI180,"Eau07AI084 (A,F)",,,A,F,cow,0,0,0,0,0,1,0,0,1,1;,00000100 1;,0,0,0,0,0,1,0,0,138,144,133,139,201,203,162,174,108,112,106,112,195,233,125,125,195,205,118,120,313,333,222,238,176,184,13
Eau07AI181,,,,B+,F,,0,0,0,0,0,1,0,0,1,1;,00000100 1;,0,0,0,0,0,0,0,0,0,0,133,135,189,203,166,166,108,116,116,118,189,195,0,0,197,205,108,118,305,305,206,206,172,184,11
Eau07AI187,,,,PORHAP4,F,cow,0,0,0,0,0,1,0,0,1,1;,00000100 1;,0,0,0,0,0,1,0,0,132,144,137,137,193,195,178,178,112,112,114,116,0,0,119,123,197,209,120,124,301,309,206,206,168,188,12
Eau07AI189,,,,PORHAP4,F,cow,0,0,0,0,0,1,0,0,1,1;,00000100 1;,0,0,0,0,0,1,0,0,126,140,133,133,199,199,174,174,112,116,0,0,0,0,125,125,0,0,118,124,301,333,238,238,172,176,10
Eau07AI191,,,,B',F,cow,0,0,0,0,0,1,0,0,1,1;,00000100 1;,0,0,0,0,0,1,0,0,122,126,135,141,199,203,170,174,116,116,110,110,187,189,123,125,199,211,108,126,305,333,206,222,172,184,13
Eau07AI192,,,,B+,F,,0,0,0,0,0,1,0,0,1,1;,00000100 1;,0,0,0,0,0,0,0,0,126,128,129,131,189,191,166,174,0,0,106,116,0,0,121,125,197,205,118,120,301,337,202,250,180,180,11
Eau07AI194,,,,A,F,cow,0,0,0,0,0,1,0,0,1,1;,00000100 1;,0,0,0,0,0,1,0,0,126,126,133,135,191,203,162,166,0,0,116,118,0,0,123,125,195,207,118,122,301,317,222,242,172,172,11
Eau07AI198,,,,A,F,cow,0,0,0,0,0,1,0,0,1,1;,00000100 1;,0,0,0,0,0,1,0,0,126,132,122,135,193,199,170,178,112,116,110,114,193,195,123,131,203,209,120,124,313,353,202,250,172,176,13
Eau07AI201,"Eau07AI215 (A,F)",,,A,F,cow,0,0,0,0,0,1,0,0,1,1;,00000100 1;,0,0,0,0,0,1,0,0,134,148,133,139,201,207,166,174,0,0,116,118,0,0,123,125,195,209,118,120,305,320,206,242,172,184,11
Eau07AI209,"Eau09AI226 (E, F)",,,E,F,,0,0,0,0,0,1,0,0,1,1;,00000100 1;,0,0,0,0,0,0,0,0,130,134,131,137,203,203,174,178,112,112,110,120,199,215,123,123,195,203,120,124,305,305,222,238,168,184,13
Eau07AI214,"Eau07AI123 (A,M)",,,A,F,cow,0,0,0,0,0,1,0,0,1,1;,00000100 1;,0,0,0,0,0,1,0,0,124,148,135,135,193,207,166,186,108,112,112,120,189,195,117,123,203,211,120,122,301,305,206,206,176,176,13
Eau07AI218,,,,B+,F,cow,0,0,0,0,0,1,0,0,1,1;,00000100 1;,0,0,0,0,0,1,0,0,128,138,131,133,195,199,162,174,108,116,110,118,193,193,119,121,203,209,120,122,305,313,202,250,172,180,13
Eau07AI223,,,,n/a,F,,0,0,0,0,0,1,0,0,1,1;,00000100 1;,0,0,0,0,0,0,0,0,138,148,133,135,189,207,162,170,112,116,110,116,189,193,125,125,195,203,118,124,301,301,238,238,172,184,13
Eau07AI225,,,,A,F,,0,0,0,0,0,1,0,0,1,1;,00000100 1;,0,0,0,0,0,0,0,0,132,148,133,141,193,201,166,174,112,120,114,120,193,199,123,125,195,197,120,126,301,313,206,234,172,176,13
Eau07AI227,,,,A,F,cow,0,0,0,0,0,1,0,0,1,1;,00000100 1;,0,0,0,0,0,1,0,0,122,138,120,141,189,203,178,178,116,116,112,116,193,209,121,125,195,203,120,122,301,301,0,0,184,184,12
Eau07AI232,,,,A,F,cow,0,0,0,0,0,1,0,0,1,1;,00000100 1;,0,0,0,0,0,1,0,0,136,148,129,133,193,201,166,178,108,116,118,120,195,233,123,125,195,205,120,120,301,313,206,206,172,180,13
Eau07AI234,,,,B+,F,,0,0,0,0,0,1,0,0,1,1;,00000100 1;,0,0,0,0,0,0,0,0,122,126,122,133,203,205,166,178,116,116,112,114,189,193,125,125,205,211,118,122,301,317,0,0,172,180,12
Eau08AI001,,,Eau98AI085,A,F,cow & cow,0,0,0,1,0,0,1,0,2,1;,00010010 1;,0,0,0,1,0,0,1,0,124,148,129,141,203,203,166,174,112,116,116,120,189,193,123,125,197,211,120,122,305,353,238,238,176,184,13
Eau08AI005,,,,B+,F,,0,0,0,0,0,0,1,0,1,1;,00000010 1;,0,0,0,0,0,0,0,0,126,132,131,133,193,193,178,178,116,116,114,116,187,199,119,121,195,205,120,124,329,353,222,222,168,172,13
Eau08AI010,,,,C,F,,0,0,0,0,0,0,1,0,1,1;,00000010 1;,0,0,0,0,0,0,0,0,122,124,0,0,191,199,0,0,116,116,116,116,193,215,123,123,203,211,124,126,301,333,234,238,176,184,11
Eau08AI013,,,Eau98AI058,B',F,cow & cow,0,0,0,1,0,0,1,0,2,1;,00010010 1;,0,0,0,1,0,0,1,0,132,142,133,141,193,193,166,174,116,116,116,116,199,217,121,123,195,209,106,108,333,333,202,222,168,172,13
Eau08AI016,,,,B',F,cow,0,0,0,0,0,0,1,0,1,1;,00000010 1;,0,0,0,0,0,0,1,0,122,136,0,0,195,201,178,178,112,116,114,116,187,195,117,123,197,205,122,122,301,301,222,242,172,172,12
Eau08AI020,"Eau08AI171 (A,M)",,,A,F,cow,0,0,0,0,0,0,1,0,1,1;,00000010 1;,0,0,0,0,0,0,1,0,126,136,133,133,201,203,166,174,108,120,116,118,193,209,119,125,195,197,118,122,313,337,206,238,180,180,13
Eau08AI021,,,,B',F,,0,0,0,0,0,0,1,0,1,1;,00000010 1;,0,0,0,0,0,0,0,0,130,130,129,137,191,199,166,170,112,112,114,116,189,193,121,125,197,211,108,118,301,333,210,210,168,176,13
Eau08AI022,,,,D,F,,0,0,0,0,0,0,1,0,1,1;,00000010 1;,0,0,0,0,0,0,0,0,122,124,135,141,189,203,170,174,104,112,108,116,189,195,125,125,197,211,118,120,313,329,238,238,172,176,13
Eau08AI023,"Eau08AI033 (B+,F)",,,B+,F,,0,0,0,0,0,0,1,0,1,1;,00000010 1;,0,0,0,0,0,0,0,0,138,144,133,139,193,199,178,182,112,116,106,110,187,199,123,123,209,211,120,126,313,353,218,222,176,180,13
Eau08AI025,,,Eau96AI034,B',F,,0,1,0,0,0,0,1,0,2,1;,01000010 1;,0,0,0,0,0,0,0,0,126,132,133,141,199,201,166,174,116,116,110,110,187,217,121,123,205,211,126,126,317,333,206,238,168,184,13
Eau08AI026,,,,PATMALHAPB,F,cow,0,0,0,0,0,0,1,0,1,1;,00000010 1;,0,0,0,0,0,0,1,0,126,126,129,133,191,203,166,178,108,112,118,118,193,219,125,125,197,211,118,120,301,305,0,0,172,172,12
Eau08AI027,,,,A,F,cow,0,0,0,0,0,0,1,0,1,1;,00000010 1;,0,0,0,0,0,0,1,0,124,144,135,139,201,201,174,178,108,112,114,116,187,195,123,125,209,209,122,124,301,301,206,222,172,176,13
Eau08AI029,,,,A,F,cow,0,0,0,0,0,0,1,0,1,1;,00000010 1;,0,0,0,0,0,0,1,0,122,126,135,135,203,207,178,186,112,116,116,120,187,189,123,123,207,211,120,122,301,309,222,242,172,176,13
Eau08AI032,,,,B',F,cow,0,0,0,0,0,0,1,0,1,1;,00000010 1;,0,0,0,0,0,0,1,0,122,126,133,139,189,199,174,178,116,116,114,116,193,237,0,0,197,211,108,120,305,337,222,238,172,180,12
Eau08AI035,,,,A,F,cow,0,0,0,0,0,0,1,0,1,1;,00000010 1;,0,0,0,0,0,0,1,0,122,144,135,137,195,203,166,174,116,116,112,114,187,195,123,125,187,195,118,120,301,305,206,214,176,176,13
Eau08AI038,,,,A,F,cow,0,0,0,0,0,0,1,0,1,1;,00000010 1;,0,0,0,0,0,0,1,0,128,148,135,141,203,203,166,174,116,116,0,0,193,231,123,123,197,205,108,124,305,309,238,250,176,176,12
Eau08AI043,,,,B+,F,cow,0,0,0,0,0,0,1,0,1,1;,00000010 1;,0,0,0,0,0,0,1,0,122,126,133,133,199,205,166,178,112,112,118,120,193,195,123,125,203,209,118,124,301,329,206,206,172,184,13
Eau08AI044,"Eau08AI075 (D, F)",,,D,F,,0,0,0,0,0,0,1,0,1,1;,00000010 1;,0,0,0,0,0,0,0,0,122,130,133,137,191,201,166,170,112,112,110,114,189,199,121,121,205,207,108,108,305,308,206,242,172,172,13
Eau08AI045,Eau08AI135,,,C,F,cow,0,0,0,0,0,0,1,0,1,1;,00000010 1;,0,0,0,0,0,0,1,0,138,140,122,137,193,195,178,178,116,116,114,120,189,193,123,125,197,199,118,118,301,329,214,218,172,180,13
Eau08AI047,,,,A,F,cow,0,0,0,0,0,0,1,0,1,1;,00000010 1;,0,0,0,0,0,0,1,0,138,142,133,135,203,207,162,178,116,116,116,116,187,193,117,125,195,203,118,122,301,313,206,206,172,176,13
Eau08AI051,,,,A,F,cow,0,0,0,0,0,0,1,0,1,1;,00000010 1;,0,0,0,0,0,0,1,0,124,126,120,122,201,203,166,178,116,116,110,114,189,189,123,125,195,205,0,0,0,0,238,238,0,0,10
Eau08AI052,"Eau08AI107 (A,F)",,Eau98AI110,A,F,cow & cow,0,0,0,1,0,0,1,0,2,1;,00010010 1;,0,0,0,1,0,0,1,0,122,126,133,135,199,203,170,178,104,116,110,114,193,195,123,125,197,209,118,126,305,333,222,238,172,172,13
Eau08AI055,"Eau08AI065 (A, F)",,,A,F,,0,0,0,0,0,0,1,0,1,1;,00000010 1;,0,0,0,0,0,0,0,0,126,148,133,135,191,193,166,186,112,116,112,116,193,195,117,123,203,207,122,122,305,317,206,222,172,176,13
Eau08AI057,"Eau08AI014 (D,F)",,,D,F,cow,0,0,0,0,0,0,1,0,1,1;,00000010 1;,0,0,0,0,0,0,1,0,122,122,131,139,199,203,166,186,0,0,110,118,189,233,123,125,209,211,118,124,301,337,210,250,172,176,12
Eau08AI058,"Eau08AI024 (C,F) & Eau08AI179 (C,F)",,,C,F,cow,0,0,0,0,0,0,1,0,1,1;,00000010 1;,0,0,0,0,0,0,1,0,122,126,131,131,199,203,166,166,116,116,116,116,195,215,121,123,191,211,108,124,313,333,234,238,172,176,13
Eau08AI066,,,,A,F,cow,0,0,0,0,0,0,1,0,1,1;,00000010 1;,0,0,0,0,0,0,1,0,142,144,131,141,189,195,170,178,112,120,118,120,195,233,125,127,197,205,108,120,309,313,214,214,172,176,13
Eau08AI070,"Eau08AI184 (B+, F)",,,B',F,cow,0,0,0,0,0,0,1,0,1,1;,00000010 1;,0,0,0,0,0,0,1,0,126,144,133,139,191,203,178,178,112,112,114,120,199,231,123,123,207,209,118,120,320,333,206,222,172,176,13
Eau08AI071,,,,D,F,cow,0,0,0,0,0,0,1,0,1,1;,00000010 1;,0,0,0,0,0,0,1,0,126,126,137,137,203,203,174,178,112,116,116,120,193,193,121,123,199,205,118,122,305,337,206,206,180,180,13
Eau08AI073,,,,B+,F,,0,0,0,0,0,0,1,0,1,1;,00000010 1;,0,0,0,0,0,0,0,0,124,140,129,133,189,201,162,178,0,0,112,116,193,193,121,125,203,211,108,122,301,305,234,238,168,172,12
Eau08AI074,"Eau08AI192 (A,F)",,,A,F,cow,0,0,0,0,0,0,1,0,1,1;,00000010 1;,0,0,0,0,0,0,1,0,136,138,133,137,199,203,174,178,112,116,116,120,193,231,123,125,195,203,118,124,301,333,214,230,176,184,13
Eau08AI076,"Eau08AI078 (A, F)",,,E,F,cow,0,0,0,0,0,0,1,0,1,1;,00000010 1;,0,0,0,0,0,0,1,0,124,132,131,139,193,195,170,178,108,116,110,112,189,189,123,125,203,211,122,122,305,317,238,238,172,172,13
Eau08AI077,,,,A,F,cow,0,0,0,0,0,0,1,0,1,1;,00000010 1;,0,0,0,0,0,0,1,0,122,144,122,133,187,203,174,178,112,116,108,114,193,217,121,125,195,205,108,118,301,308,206,206,180,184,13
Eau08AI082,,,Eau98AI004,A,F,cow in 2008,0,0,0,1,0,0,1,0,2,1;,00010010 1;,0,0,0,0,0,0,1,0,126,132,133,137,207,207,162,166,112,116,112,116,187,197,117,121,195,211,118,124,305,313,206,238,176,180,13
Eau08AI084,,,,B',F,,0,0,0,0,0,0,1,0,1,1;,00000010 1;,0,0,0,0,0,0,0,0,122,126,133,135,193,201,162,174,112,124,116,120,187,199,121,125,191,209,118,124,301,329,214,214,172,184,13
Eau08AI085,,,,A,F,,0,0,0,0,0,0,1,0,1,1;,00000010 1;,0,0,0,0,0,0,0,0,126,148,133,135,199,203,178,178,108,112,116,116,187,193,119,123,205,211,122,122,305,353,222,238,172,180,13
Eau08AI086,,,,B+,F,,0,0,0,0,0,0,1,0,1,1;,00000010 1;,0,0,0,0,0,0,0,0,122,126,0,0,191,193,166,178,0,0,112,116,195,195,125,125,195,203,118,120,305,333,0,0,172,176,10
Eau08AI091,,,,A,F,cow,0,0,0,0,0,0,1,0,1,1;,00000010 1;,0,0,0,0,0,0,1,0,122,126,0,0,203,207,166,186,112,112,116,116,187,187,121,123,207,211,120,122,301,301,218,222,176,176,12
Eau08AI094,"Eau08AI166 (A,F)",,,A,F,cow,0,0,0,0,0,0,1,0,1,1;,00000010 1;,0,0,0,0,0,0,1,0,126,126,133,137,203,203,0,0,116,116,110,116,193,195,119,123,191,197,118,126,301,333,238,238,172,172,12
Eau08AI096,"Eau08AI193 (B+, F)",,,B+,F,cow,0,0,0,0,0,0,1,0,1,1;,00000010 1;,0,0,0,0,0,0,1,0,132,148,129,141,187,189,166,174,112,116,112,114,189,195,123,125,191,197,118,124,305,353,0,0,172,184,12
Eau08AI097,,,,A,F,cow,0,0,0,0,0,0,1,0,1,1;,00000010 1;,0,0,0,0,0,0,1,0,134,136,120,122,193,207,166,178,112,116,112,116,187,193,125,129,210,211,122,122,301,308,206,206,172,172,13
Eau08AI098,,,,B',F,cow,0,0,0,0,0,0,1,0,1,1;,00000010 1;,0,0,0,0,0,0,1,0,126,148,0,0,189,205,0,0,0,0,106,110,193,193,121,123,203,205,120,122,320,320,238,238,172,184,10
Eau08AI100,"Eau08AI088 (A, F) & Eau08AI176 (A,F)",,,A,F,cow,0,0,0,0,0,0,1,0,1,1;,00000010 1;,0,0,0,0,0,0,1,0,122,126,129,135,193,193,174,178,116,116,110,114,193,193,123,125,197,205,120,122,301,317,218,222,172,176,13
Eau08AI102,,,,D,F,,0,0,0,0,0,0,1,0,1,1;,00000010 1;,0,0,0,0,0,0,0,0,126,136,137,137,195,203,166,178,112,112,116,118,193,195,125,127,197,209,118,122,312,317,234,234,172,176,13
Eau08AI103,"Eau08AI172 (A, M) & Eau08AI099 (A,F)",,,A,F,,0,0,0,0,0,0,1,0,1,1;,00000010 1;,0,0,0,0,0,0,0,0,124,138,122,133,203,203,178,182,108,116,110,114,187,187,121,123,209,211,120,122,309,317,206,238,180,180,13
Eau08AI104,,,,D,F,,0,0,0,0,0,0,1,0,1,1;,00000010 1;,0,0,0,0,0,0,0,0,126,130,137,139,197,201,170,174,112,124,114,116,193,195,125,125,191,209,122,124,301,313,222,234,172,180,13
Eau08AI105,"Eau08AI174 (?,F) & Eau08183 (C,F)",,,C,F,cow,0,0,0,0,0,0,1,0,1,1;,00000010 1;,0,0,0,0,0,0,1,0,126,148,133,135,201,201,0,0,104,112,112,114,193,199,125,125,197,205,118,118,301,317,222,238,176,180,12
Eau08AI106,"Eau08AI101 (A,F)",,,A,F,cow,0,0,0,0,0,0,1,0,1,1;,00000010 1;,0,0,0,0,0,0,1,0,126,132,0,0,193,203,0,0,116,116,110,120,193,195,123,125,203,209,120,122,0,0,206,250,0,0,9
Eau08AI108,,,Eau98AI025,B+,F,cow in 2008,0,0,0,1,0,0,1,0,2,1;,00010010 1;,0,0,0,0,0,0,1,0,136,148,133,141,193,195,166,178,104,112,110,114,187,193,125,125,195,197,108,118,305,317,218,238,172,184,13
Eau08AI111,,,,B',F,cow,0,0,0,0,0,0,1,0,1,1;,00000010 1;,0,0,0,0,0,0,1,0,124,126,133,133,189,205,166,174,108,116,114,118,193,239,117,123,195,205,108,122,313,350,206,206,172,184,13
Eau08AI114,,,,A,F,,0,0,0,0,0,0,1,0,1,1;,00000010 1;,0,0,0,0,0,0,0,0,126,140,120,137,193,203,166,178,116,116,116,118,193,193,123,125,195,209,118,120,308,308,218,218,172,176,13
Eau08AI115,,,,B+,F,,0,0,0,0,0,0,1,0,1,1;,00000010 1;,0,0,0,0,0,0,0,0,142,144,122,133,191,203,162,174,112,112,116,118,187,231,121,123,205,205,0,0,305,317,206,238,0,0,11
Eau08AI117,,,,B+,F,,0,0,0,0,0,0,1,0,1,1;,00000010 1;,0,0,0,0,0,0,0,0,126,136,133,141,203,205,178,178,116,116,114,118,193,199,125,125,203,205,122,124,301,333,214,222,172,176,13
Eau08AI118,,,Eau98AI113,B',F,cow & cow,0,0,0,1,0,0,1,0,2,1;,00010010 1;,0,0,0,1,0,0,1,0,122,122,133,135,195,203,162,186,108,116,116,116,187,189,123,123,195,205,122,124,0,0,206,222,172,176,12
Eau08AI119,,,,A,F,,0,0,0,0,0,0,1,0,1,1;,00000010 1;,0,0,0,0,0,0,0,0,148,158,131,135,195,203,174,180,104,112,112,120,189,195,125,125,195,207,118,120,305,313,214,214,172,184,13
Eau08AI123,,,,B',F,cow,0,0,0,0,0,0,1,0,1,1;,00000010 1;,0,0,0,0,0,0,1,0,122,126,122,133,201,205,166,170,108,112,110,110,193,193,123,127,195,205,118,120,0,0,206,218,168,172,12
Eau08AI129,,,,A,F,,0,0,0,0,0,0,1,0,1,1;,00000010 1;,0,0,0,0,0,0,0,0,136,158,133,135,189,203,166,178,108,116,110,114,187,193,119,125,205,210,0,0,305,321,238,238,0,0,11
Eau08AI131,,,,B',F,,0,0,0,0,0,0,1,0,1,1;,00000010 1;,0,0,0,0,0,0,0,0,126,128,133,139,193,201,166,178,112,120,110,110,193,199,123,125,195,205,106,126,313,317,206,218,172,184,13
Eau08AI134,,,,D,F,cow,0,0,0,0,0,0,1,0,1,1;,00000010 1;,0,0,0,0,0,0,1,0,122,126,129,133,199,201,162,178,108,108,114,118,193,195,119,125,199,209,106,108,333,345,222,222,176,184,13
Eau08AI139,,,,D,F,cow,0,0,0,0,0,0,1,0,1,1;,00000010 1;,0,0,0,0,0,0,1,0,126,130,131,133,199,201,170,178,108,112,108,116,189,193,121,125,195,209,120,124,0,0,234,250,168,172,12
Eau08AI140,,,,B+,F,cow,0,0,0,0,0,0,1,0,1,1;,00000010 1;,0,0,0,0,0,0,1,0,132,138,133,135,193,193,162,178,104,108,116,116,189,195,119,123,199,201,118,122,308,333,0,0,172,176,12
Eau08AI141,,,,B+,F,,0,0,0,0,0,0,1,0,1,1;,00000010 1;,0,0,0,0,0,0,0,0,126,126,133,141,197,199,166,174,116,124,106,116,193,193,125,125,203,205,118,118,313,329,222,238,168,188,13
Eau08AI144,"Eau08AI143 (A,F)",,,A,F,,0,0,0,0,0,0,1,0,1,1;,00000010 1;,0,0,0,0,0,0,0,0,122,122,141,141,199,203,170,178,112,112,110,114,187,193,125,125,197,205,108,118,301,345,222,222,176,184,13
Eau08AI145,,,,B+,F,,0,0,0,0,0,0,1,0,1,1;,00000010 1;,0,0,0,0,0,0,0,0,126,146,133,135,191,199,174,178,112,116,110,118,189,193,121,125,195,205,118,122,301,333,210,230,168,172,13
Eau08AI146,"Eau08AI188 (B+,F)",,,B+,F,cow,0,0,0,0,0,0,1,0,1,1;,00000010 1;,0,0,0,0,0,0,1,0,126,126,133,133,203,203,166,174,108,116,110,114,193,199,121,125,191,199,120,122,301,333,234,234,172,184,13
Eau08AI153,"Eau08AI164 (B+,F)",,,B+,F,cow,0,0,0,0,0,0,1,0,1,1;,00000010 1;,0,0,0,0,0,0,1,0,122,142,133,133,201,205,170,178,112,120,114,118,193,193,123,125,191,205,118,122,301,317,206,206,168,172,13
Eau08AI154,,,,PORHAP4,F,cow,0,0,0,0,0,0,1,0,1,1;,00000010 1;,0,0,0,0,0,0,1,0,126,142,133,137,195,203,166,178,112,120,114,116,195,225,123,125,205,209,108,122,301,301,222,222,172,176,13
Eau08AI158,,,,D,F,,0,0,0,0,0,0,1,0,1,1;,00000010 1;,0,0,0,0,0,0,0,0,126,158,122,133,195,195,178,180,104,120,112,114,195,199,123,127,195,211,120,120,317,329,238,238,172,176,13
Eau08AI159,,,,B',F,,0,0,0,0,0,0,1,0,1,1;,00000010 1;,0,0,0,0,0,0,0,0,126,126,133,133,199,201,166,174,0,0,0,0,189,193,123,125,0,0,118,122,301,309,210,222,176,184,10
Eau08AI160,,,,D,F,,0,0,0,0,0,0,1,0,1,1;,00000010 1;,0,0,0,0,0,0,0,0,130,142,137,141,195,201,166,170,116,120,0,0,187,193,123,125,0,0,118,124,301,305,206,234,180,184,11
Eau08AI161,,,,A,F,,0,0,0,0,0,0,1,0,1,1;,00000010 1;,0,0,0,0,0,0,0,0,126,148,135,141,195,207,174,178,104,116,114,118,189,195,123,125,195,203,118,120,305,309,210,210,184,184,13
Eau08AI162,"Eau08AI036 (B+,F)",,,B+,F,cow,0,0,0,0,0,0,1,0,1,1;,00000010 1;,0,0,0,0,0,0,1,0,126,138,122,131,191,203,166,182,112,116,112,116,193,231,125,125,195,211,118,124,305,305,206,242,176,184,13
Eau08AI167,,,,C,F,cow,0,0,0,0,0,0,1,0,1,1;,00000010 1;,0,0,0,0,0,0,1,0,122,124,122,129,189,203,178,178,108,116,0,0,187,193,123,125,195,211,106,124,305,317,0,0,176,184,11
Eau08AI168,,,,?B+,F,cow,0,0,0,0,0,0,1,0,1,1;,00000010 1;,0,0,0,0,0,0,1,0,136,140,133,141,201,203,174,180,108,120,0,0,193,195,123,125,199,205,118,118,337,345,222,242,172,184,12
Eau08AI173,,,,B',F,cow,0,0,0,0,0,0,1,0,1,1;,00000010 1;,0,0,0,0,0,0,1,0,126,136,133,137,189,199,166,166,112,112,0,0,193,195,121,123,195,203,120,120,313,333,210,234,176,184,12
Eau08AI187,,,,A,F,cow,0,0,0,0,0,0,1,0,1,1;,00000010 1;,0,0,0,0,0,0,1,0,136,142,0,0,189,199,174,178,112,116,0,0,0,0,123,129,209,210,108,122,320,341,222,234,176,180,10
Eau08AI190,"Eau08AI136 (A,F)",,,A,F,cow,0,0,0,0,0,0,1,0,1,1;,00000010 1;,0,0,0,0,0,0,1,0,126,136,129,133,199,203,174,178,112,116,0,0,193,195,117,119,191,211,118,124,301,301,0,0,168,172,11
Eau08AI191,,,,A,F,cow,0,0,0,0,0,0,1,0,1,1;,00000010 1;,0,0,0,0,0,0,1,0,126,130,129,133,203,203,166,178,112,112,0,0,189,189,117,123,197,207,108,120,313,333,234,234,172,176,12
Eau08AI194,"Eau08AI012 (B+,F)",,,B+,F,cow,0,0,0,0,0,0,1,0,1,1;,00000010 1;,0,0,0,0,0,0,1,0,126,126,135,137,191,191,178,178,116,116,0,0,193,195,125,125,199,203,118,120,305,333,206,222,172,172,12
Eau08AI195,,,Eau98AI104,B+,F,cow in 2008,0,0,0,1,0,0,1,0,2,1;,00010010 1;,0,0,0,0,0,0,1,0,126,126,139,139,193,203,166,186,116,120,0,0,189,193,125,125,195,205,120,122,301,337,222,238,172,176,12
Eau08AI198,,,,B+,F,cow,0,0,0,0,0,0,1,0,1,1;,00000010 1;,0,0,0,0,0,0,1,0,130,134,0,0,195,197,170,178,112,120,0,0,187,199,121,125,205,205,118,122,309,313,222,222,172,176,11
Eau08AI200,,,,C,F,,0,0,0,0,0,0,1,0,1,1;,00000010 1;,0,0,0,0,0,0,0,0,142,148,133,133,199,203,174,178,112,116,0,0,209,237,119,125,199,209,122,124,309,317,206,238,180,184,12
Eau08AI204,,,,B+,F,,0,0,0,0,0,0,1,0,1,1;,00000010 1;,0,0,0,0,0,0,0,0,148,148,0,0,187,189,0,0,112,116,0,0,195,231,123,125,195,209,108,120,301,345,222,250,172,180,10
Eau09AI001,,,,A,F,cow,0,0,0,0,0,0,0,1,1,1;,00000001 1;,0,0,0,0,0,0,0,1,126,130,133,135,201,201,0,0,108,116,110,116,193,195,121,123,197,205,118,120,301,333,206,222,168,184,12
Eau09AI003,,,,N/A,F,cow,0,0,0,0,0,0,0,1,1,1;,00000001 1;,0,0,0,0,0,0,0,1,136,148,133,141,199,201,166,174,108,112,110,120,193,195,123,125,195,205,118,118,313,345,202,222,172,172,13
Eau09AI004,,Eau07AI212,,A,F,,0,0,0,0,0,1,0,1,2,1;,00000101 1;,0,0,0,0,0,0,0,0,124,132,133,137,201,203,174,178,116,116,116,116,187,187,123,125,195,195,120,124,309,313,210,214,172,176,13
Eau09AI005,Eau09AI040 (B+) & Eau09AI184,,,B+,F,cow,0,0,0,0,0,0,0,1,1,1;,00000001 1;,0,0,0,0,0,0,0,1,136,138,129,131,195,199,174,174,112,116,114,118,193,195,119,131,209,210,120,124,309,313,0,0,168,180,12
Eau09AI006,,,,B+,F,cow,0,0,0,0,0,0,0,1,1,1;,00000001 1;,0,0,0,0,0,0,0,1,126,140,131,145,193,195,174,174,112,112,116,116,199,215,123,123,203,205,120,120,309,333,206,238,172,172,13
Eau09AI011,,Eau06AI140,,B+,F,cow & cow,0,0,0,0,1,0,0,1,2,1;,00001001 1;,0,0,0,0,1,0,0,1,126,148,129,129,189,199,174,174,112,116,112,118,189,193,119,125,197,211,118,120,305,353,214,242,172,180,13
Eau09AI013,Eau09AI032 (D) & Eau09AI056 (D),,,D,F,cow,0,0,0,0,0,0,0,1,1,1;,00000001 1;,0,0,0,0,0,0,0,1,122,136,129,141,199,199,162,166,108,116,114,118,195,195,125,125,209,210,108,126,309,333,222,238,168,176,13
Eau09AI014,,Eau08AI006,,B',F,,0,0,0,0,0,0,1,1,2,1;,00000011 1;,0,0,0,0,0,0,0,0,126,136,129,139,197,203,178,178,104,112,114,116,195,231,123,125,205,211,120,124,305,309,210,222,176,176,13
Eau09AI018,,,,B',F,cow,0,0,0,0,0,0,0,1,1,1;,00000001 1;,0,0,0,0,0,0,0,1,142,142,133,141,195,203,174,174,108,112,0,0,0,0,0,0,0,0,120,124,305,317,202,222,168,168,9
Eau09AI019,,,,D,F,cow,0,0,0,0,0,0,0,1,1,1;,00000001 1;,0,0,0,0,0,0,0,1,122,126,133,133,195,203,166,170,116,116,112,114,195,239,125,125,195,195,118,122,309,321,222,238,172,180,13
Eau09AI020,,Eau07AI092,,B+,F,cow in 2009,0,0,0,0,0,1,0,1,2,1;,00000101 1;,0,0,0,0,0,0,0,1,122,126,133,133,195,207,170,178,108,112,114,118,187,187,123,125,205,209,118,122,305,333,202,250,172,172,13
Eau09AI022,,,,B',F,,0,0,0,0,0,0,0,1,1,1;,00000001 1;,0,0,0,0,0,0,0,0,124,148,133,141,199,203,170,178,116,116,112,114,193,195,123,125,195,197,120,124,308,317,234,238,168,184,13
Eau09AI024,,,,B+,F,,0,0,0,0,0,0,0,1,1,1;,00000001 1;,0,0,0,0,0,0,0,0,126,140,133,137,195,205,166,170,104,112,114,118,193,193,125,127,205,205,120,122,301,309,234,242,172,184,13
Eau09AI027,,,,B',F,cow,0,0,0,0,0,0,0,1,1,1;,00000001 1;,0,0,0,0,0,0,0,1,138,148,129,141,189,201,166,178,108,124,116,120,195,219,121,125,195,199,108,122,305,333,214,234,168,172,13
Eau09AI029,,Eau07AI048,,C,F,,0,0,0,0,0,1,0,1,2,1;,00000101 1;,0,0,0,0,0,0,0,0,122,130,135,139,193,201,166,184,112,116,112,114,189,193,121,123,195,210,120,122,301,313,202,238,176,184,13
Eau09AI030,,Eau07AI050,,A,F,,0,0,0,0,0,1,0,1,2,1;,00000101 1;,0,0,0,0,0,0,0,0,138,142,133,133,203,207,174,178,112,116,110,120,193,231,121,123,195,211,118,126,333,333,230,238,176,180,13
Eau09AI035,,,,D,F,,0,0,0,0,0,0,0,1,1,1;,00000001 1;,0,0,0,0,0,0,0,0,126,132,135,137,193,199,166,170,108,116,116,116,195,199,123,123,197,203,118,120,333,333,202,202,172,176,13
Eau09AI036,,,,A,F,,0,0,0,0,0,0,0,1,1,1;,00000001 1;,0,0,0,0,0,0,0,0,122,126,122,141,203,203,166,178,112,112,116,116,187,187,123,125,195,211,120,120,301,329,202,222,172,176,13
Eau09AI038,,,,C,F,,0,0,0,0,0,0,0,1,1,1;,00000001 1;,0,0,0,0,0,0,0,0,134,142,141,147,193,203,166,166,108,116,106,114,199,199,123,123,201,209,118,124,301,309,234,250,168,176,13
Eau09AI041,,,,A,F,,0,0,0,0,0,0,0,1,1,1;,00000001 1;,0,0,0,0,0,0,0,0,126,148,133,135,189,203,174,178,108,116,110,114,0,0,119,123,197,209,118,120,301,309,206,242,172,176,12
Eau09AI042,,,,A,F,,0,0,0,0,0,0,0,1,1,1;,00000001 1;,0,0,0,0,0,0,0,0,126,142,135,137,189,193,166,170,108,112,110,116,0,0,119,121,195,205,108,120,305,321,222,226,172,180,12
Eau09AI043,,,,B+,F,cow,0,0,0,0,0,0,0,1,1,1;,00000001 1;,0,0,0,0,0,0,0,1,128,130,131,133,193,199,170,174,108,112,110,116,0,0,121,123,197,203,118,122,301,313,234,250,176,184,12
Eau09AI048,,,,B',F,cow,0,0,0,0,0,0,0,1,1,1;,00000001 1;,0,0,0,0,0,0,0,1,126,142,122,133,203,205,166,178,112,112,116,116,0,0,121,125,195,211,120,126,345,353,218,242,168,172,12
Eau09AI049,,,,A,F,,0,0,0,0,0,0,0,1,1,1;,00000001 1;,0,0,0,0,0,0,0,0,130,148,133,141,187,203,166,174,116,124,112,116,187,193,117,117,195,195,118,122,301,317,210,234,172,176,13
Eau09AI050,Eau09AI244 (B+),,,B+,F,cow,0,0,0,0,0,0,0,1,1,1;,00000001 1;,0,0,0,0,0,0,0,1,124,126,133,133,189,199,166,178,112,116,114,116,193,195,125,125,195,195,122,126,301,329,206,222,168,188,13
Eau09AI052,Eau09AI053 (C) & Eau09AI176,,,C,F,,0,0,0,0,0,0,0,1,1,1;,00000001 1;,0,0,0,0,0,0,0,0,126,138,133,133,189,195,174,178,116,116,116,116,193,195,123,123,201,211,118,118,301,305,202,242,176,184,13
Eau09AI057,,,Eau98AI132,C,F,cow,0,0,0,1,0,0,0,1,2,1;,00010001 1;,0,0,0,0,0,0,0,1,122,130,133,139,205,207,178,178,108,112,114,114,193,193,119,123,205,205,118,120,301,321,0,0,172,176,12
Eau09AI058,,Eau07AI222,,A,F,cow & cow,0,0,0,0,0,1,0,1,2,1;,00000101 1;,0,0,0,0,0,1,0,1,126,140,133,133,191,193,166,178,116,116,112,114,195,199,0,0,195,207,118,120,301,317,222,238,172,176,12
Eau09AI061,,,,C,F,cow,0,0,0,0,0,0,0,1,1,1;,00000001 1;,0,0,0,0,0,0,0,1,122,138,131,133,189,201,162,182,116,116,114,116,193,217,0,0,191,207,120,124,316,329,206,218,168,176,12
Eau09AI062,,,Eau97AI012,B+,F,cow in 2009,0,0,1,0,0,0,0,1,2,1;,00100001 1;,0,0,0,0,0,0,0,1,126,144,122,133,191,203,174,174,112,112,112,114,193,217,0,0,209,211,124,124,301,308,206,214,184,184,12
Eau09AI068,,,,B+,F,cow,0,0,0,0,0,0,0,1,1,1;,00000001 1;,0,0,0,0,0,0,0,1,124,140,120,135,201,203,166,166,116,120,114,120,195,233,123,123,209,209,120,124,308,329,206,214,168,176,13
Eau09AI069,,,,B+,F,cow,0,0,0,0,0,0,0,1,1,1;,00000001 1;,0,0,0,0,0,0,0,1,126,136,135,139,193,203,178,186,112,116,112,116,189,231,123,125,195,205,120,122,301,301,218,222,172,176,13
Eau09AI071,Eau09AI081 (A),Eau07AI085,,A,F,cow Iin 2009,0,0,0,0,0,1,0,1,2,1;,00000101 1;,0,0,0,0,0,0,0,1,122,126,133,139,195,201,166,178,112,116,116,120,187,227,121,125,205,205,118,124,305,313,206,238,172,176,13
Eau09AI074,Eau09AI179 (PH4),,Eau98AI117,PORHAP4,F,cow & cow,0,0,0,1,0,0,0,1,2,1;,00010001 1;,0,0,0,1,0,0,0,1,140,148,133,137,203,203,166,178,104,112,114,116,193,195,123,125,197,199,124,124,305,333,234,238,176,176,13
Eau09AI075,,,,N/A,F,,0,0,0,0,0,0,0,1,1,1;,00000001 1;,0,0,0,0,0,0,0,0,124,140,133,141,191,201,174,180,108,116,110,116,193,195,123,125,199,203,118,126,301,337,222,238,184,184,13
Eau09AI076,Eau09AI260 (A),,,A,F,cow,0,0,0,0,0,0,0,1,1,1;,00000001 1;,0,0,0,0,0,0,0,1,122,126,135,137,193,203,166,174,104,108,114,118,187,189,123,125,197,209,118,118,305,305,206,250,176,184,13
Eau09AI079,,,Eau97AI023,A,F,cow in 2009,0,0,1,0,0,0,0,1,2,1;,00100001 1;,0,0,0,0,0,0,0,1,124,130,133,135,201,203,166,186,116,116,112,114,187,199,121,125,205,207,108,120,301,308,210,226,172,176,13
Eau09AI083,,,,C,F,,0,0,0,0,0,0,0,1,1,1;,00000001 1;,0,0,0,0,0,0,0,0,126,136,133,141,195,203,166,170,0,0,110,118,187,195,123,123,203,205,118,118,301,308,206,250,172,184,12
Eau09AI084,,,Eau95AI045,B+,F,,1,0,0,0,0,0,0,1,2,1;,10000001 1;,0,0,0,0,0,0,0,0,122,126,135,139,193,195,166,170,108,116,110,116,193,199,125,127,199,205,0,0,305,313,206,246,172,176,12
Eau09AI086,,,,A,F,,0,0,0,0,0,0,0,1,1,1;,00000001 1;,0,0,0,0,0,0,0,0,126,134,122,133,201,201,166,178,104,108,116,116,189,189,125,125,197,209,118,120,301,313,206,234,172,176,13
Eau09AI088,Eau09AI095 (B+),,,B+,F,cow,0,0,0,0,0,0,0,1,1,1;,00000001 1;,0,0,0,0,0,0,0,1,126,132,131,133,189,193,166,178,116,116,110,114,193,195,123,125,195,195,120,124,301,305,222,250,172,172,13
Eau09AI092,Eau09AI093 (B+),,,B+,F,,0,0,0,0,0,0,0,1,1,1;,00000001 1;,0,0,0,0,0,0,0,0,126,158,131,133,193,207,178,186,112,112,110,118,187,209,121,125,191,211,118,122,305,313,206,238,176,176,13
Eau09AI094,,Eau06AI014,,A,F,,0,0,0,0,1,0,0,1,2,1;,00001001 1;,0,0,0,0,0,0,0,0,132,136,122,122,193,199,166,178,112,116,108,116,187,193,121,129,209,210,122,122,301,309,206,222,172,176,13
Eau09AI096,,,,C,F,cow,0,0,0,0,0,0,0,1,1,1;,00000001 1;,0,0,0,0,0,0,0,1,122,126,122,139,193,195,166,166,112,112,114,116,187,193,125,125,199,205,118,122,305,329,218,238,172,180,13
Eau09AI099,,,,D,F,,0,0,0,0,0,0,0,1,1,1;,00000001 1;,0,0,0,0,0,0,0,0,122,144,141,141,187,189,166,178,116,116,114,120,195,195,125,125,195,205,118,124,309,313,210,210,172,172,13
Eau09AI104,,,,D,F,,0,0,0,0,0,0,0,1,1,1;,00000001 1;,0,0,0,0,0,0,0,0,126,126,133,139,199,201,166,174,108,112,116,116,199,199,125,125,197,205,118,122,301,308,206,238,176,176,13
Eau09AI107,,,,A,F,,0,0,0,0,0,0,0,1,1,1;,00000001 1;,0,0,0,0,0,0,0,0,138,144,133,133,201,203,174,178,108,112,112,116,193,195,123,125,205,209,108,124,313,333,202,238,168,172,13
Eau09AI108,,,,A,F,,0,0,0,0,0,0,0,1,1,1;,00000001 1;,0,0,0,0,0,0,0,0,126,126,135,137,195,199,166,178,108,116,114,116,195,195,123,131,205,209,118,120,301,313,202,234,176,184,13
Eau09AI110,,,Eau96AI027,PORHAP4,F,cow in 2009,0,1,0,0,0,0,0,1,2,1;,01000001 1;,0,0,0,0,0,0,0,1,126,140,133,133,197,203,166,178,104,120,116,116,189,227,123,125,209,210,118,124,301,305,206,238,172,176,13
Eau09AI111,,,,B+,F,cow,0,0,0,0,0,0,0,1,1,1;,00000001 1;,0,0,0,0,0,0,0,1,124,130,131,137,195,195,174,178,116,116,110,116,187,241,123,125,197,209,120,124,301,305,214,234,184,184,13
Eau09AI114,Eau09AI156 (B+),,,B+,F,,0,0,0,0,0,0,0,1,1,1;,00000001 1;,0,0,0,0,0,0,0,0,134,136,135,137,203,203,178,178,116,120,112,118,189,193,123,125,195,205,120,120,301,313,206,222,168,180,13
Eau09AI117,,,,B+,F,cow,0,0,0,0,0,0,0,1,1,1;,00000001 1;,0,0,0,0,0,0,0,1,126,126,133,135,191,199,178,178,112,116,112,116,193,195,125,125,203,209,120,124,305,309,206,222,172,180,13
Eau09AI118,,,,N/A,F,,0,0,0,0,0,0,0,1,1,1;,00000001 1;,0,0,0,0,0,0,0,0,126,146,133,141,189,201,162,166,108,112,110,116,193,195,117,125,195,205,118,118,301,305,202,222,172,184,13
Eau09AI120,Eau09AI157 (A),,,A,F,,0,0,0,0,0,0,0,1,1,1;,00000001 1;,0,0,0,0,0,0,0,0,148,148,131,141,189,193,174,178,116,116,114,114,193,199,123,123,199,209,120,122,309,317,234,238,176,176,13
Eau09AI122,,,,B+,F,cow,0,0,0,0,0,0,0,1,1,1;,00000001 1;,0,0,0,0,0,0,0,1,126,138,135,139,199,203,178,186,112,116,106,116,187,189,117,123,197,209,120,122,301,353,218,234,176,180,13
Eau09AI126,,,,B+,F,,0,0,0,0,0,0,0,1,1,1;,00000001 1;,0,0,0,0,0,0,0,0,122,126,129,133,203,207,178,178,116,116,114,118,187,215,125,125,199,211,120,124,301,333,206,222,172,180,13
Eau09AI127,,,Eau98AI141,B',F,cow in 2009,0,0,0,1,0,0,0,1,2,1;,00010001 1;,0,0,0,0,0,0,0,1,122,126,139,141,201,203,178,178,112,112,114,116,193,217,121,123,197,205,108,108,305,305,210,214,168,176,13
Eau09AI128,,,,A,F,,0,0,0,0,0,0,0,1,1,1;,00000001 1;,0,0,0,0,0,0,0,0,130,134,133,133,199,203,174,186,112,116,112,116,193,193,125,125,205,211,108,108,301,309,238,242,172,172,13
Eau09AI129,,,,B+,F,cow,0,0,0,0,0,0,0,1,1,1;,00000001 1;,0,0,0,0,0,0,0,1,126,148,133,141,187,195,174,178,112,116,118,120,193,193,117,125,191,203,120,122,301,317,222,222,168,176,13
Eau09AI131,,,,C,F,,0,0,0,0,0,0,0,1,1,1;,00000001 1;,0,0,0,0,0,0,0,0,122,126,131,133,189,199,166,174,116,116,116,116,193,215,123,125,191,211,124,124,301,333,210,238,176,184,13
Eau09AI132,,,,D,F,cow,0,0,0,0,0,0,0,1,1,1;,00000001 1;,0,0,0,0,0,0,0,1,122,132,131,133,199,201,162,170,108,112,110,116,189,193,121,125,191,201,122,124,313,313,234,250,172,176,13
Eau09AI134,Eau09AI174 (B'),,,B',F,,0,0,0,0,0,0,0,1,1,1;,00000001 1;,0,0,0,0,0,0,0,0,126,142,133,139,193,195,166,166,108,116,116,120,193,217,123,125,191,195,106,122,305,333,222,238,172,172,13
Eau09AI135,,,,A,F,cow,0,0,0,0,0,0,0,1,1,1;,00000001 1;,0,0,0,0,0,0,0,1,124,134,133,135,199,203,174,186,112,116,110,116,187,199,123,125,195,207,108,120,309,317,210,222,176,176,13
Eau09AI137,,,,A,F,,0,0,0,0,0,0,0,1,1,1;,00000001 1;,0,0,0,0,0,0,0,0,122,144,133,133,189,201,170,178,104,120,110,116,193,199,123,125,197,203,118,122,301,301,238,242,172,172,13
Eau09AI140,Eau09AI051,,,A,F,cow,0,0,0,0,0,0,0,1,1,1;,00000001 1;,0,0,0,0,0,0,0,1,132,142,133,137,199,207,178,178,116,120,114,116,193,221,123,123,205,211,118,120,301,329,238,238,180,184,13
Eau09AI147,,,,B+,F,,0,0,0,0,0,0,0,1,1,1;,00000001 1;,0,0,0,0,0,0,0,0,122,146,133,141,205,207,166,170,108,116,116,118,0,0,125,127,197,205,108,122,301,313,206,214,176,184,12
Eau09AI149,Eau09AI202 (D),,,D,F,,0,0,0,0,0,0,0,1,1,1;,00000001 1;,0,0,0,0,0,0,0,0,132,142,133,133,197,199,166,178,112,116,114,116,193,193,121,121,195,211,120,124,301,305,206,222,172,176,13
Eau09AI151,,,,B',F,,0,0,0,0,0,0,0,1,1,1;,00000001 1;,0,0,0,0,0,0,0,0,126,144,133,133,199,203,166,178,104,116,108,120,187,199,123,125,197,205,122,126,309,333,222,238,168,168,13
Eau09AI155,,,,A,F,,0,0,0,0,0,0,0,1,1,1;,00000001 1;,0,0,0,0,0,0,0,0,122,126,137,147,199,203,178,178,108,116,114,114,193,199,123,125,197,203,122,126,301,305,0,0,168,172,12
Eau09AI160,,,,A,F,,0,0,0,0,0,0,0,1,1,1;,00000001 1;,0,0,0,0,0,0,0,0,126,138,131,133,191,197,166,174,112,116,110,114,193,195,125,137,195,207,118,118,313,316,206,206,172,172,13
Eau09AI161,,,,A,F,,0,0,0,0,0,0,0,1,1,1;,00000001 1;,0,0,0,0,0,0,0,0,122,140,131,133,189,203,170,178,112,116,114,116,193,193,123,123,195,209,106,120,309,317,234,238,168,172,13
Eau09AI163,,,,B',F,cow,0,0,0,0,0,0,0,1,1,1;,00000001 1;,0,0,0,0,0,0,0,1,122,126,129,133,195,205,162,178,116,116,116,116,189,195,123,123,205,205,120,124,301,316,206,214,168,172,13
Eau09AI164,Eau09AI237 (PATHAP4.1),,,PATHAP4.1,F,cow,0,0,0,0,0,0,0,1,1,1;,00000001 1;,0,0,0,0,0,0,0,1,130,140,133,133,201,203,166,178,104,116,114,114,189,193,121,123,197,205,108,124,301,305,206,226,172,176,13
Eau09AI170,Eau09AI190 (A) & Eau09AI194 (A),,,A,F,,0,0,0,0,0,0,0,1,1,1;,00000001 1;,0,0,0,0,0,0,0,0,122,128,133,137,197,203,166,170,112,120,108,118,187,195,123,123,197,210,118,118,301,301,238,238,172,184,13
Eau09AI171,Eau09AI213 (C ),,,C,F,,0,0,0,0,0,0,0,1,1,1;,00000001 1;,0,0,0,0,0,0,0,0,132,138,129,137,195,203,166,178,112,116,114,120,189,193,121,123,195,199,118,118,317,329,202,218,172,180,13
Eau09AI172,,Eau08AI120,,B+,F,cow in 2009,0,0,0,0,0,0,1,1,2,1;,00000011 1;,0,0,0,0,0,0,0,1,142,148,133,133,201,201,170,174,116,116,108,120,187,187,121,123,203,205,108,120,301,305,238,238,168,172,13
Eau09AI173,Eau09AI187 (B+),,,B+,F,,0,0,0,0,0,0,0,1,1,1;,00000001 1;,0,0,0,0,0,0,0,0,136,144,139,147,203,203,178,178,112,116,114,120,199,199,123,123,203,209,118,120,329,333,206,206,172,176,13
Eau09AI175,,Eau07AI001,,A,F,,0,0,0,0,0,1,0,1,2,1;,00000101 1;,0,0,0,0,0,0,0,0,122,126,129,135,193,199,170,186,112,116,110,114,189,193,123,125,209,209,122,124,301,353,222,222,172,176,13
Eau09AI180,,,,A,F,,0,0,0,0,0,0,0,1,1,1;,00000001 1;,0,0,0,0,0,0,0,0,0,0,129,137,0,0,166,166,112,124,106,110,193,199,123,123,195,199,106,122,317,317,0,0,172,172,10
Eau09AI183,,,,PATMALHAPB,F,,0,0,0,0,0,0,0,1,1,1;,00000001 1;,0,0,0,0,0,0,0,0,0,0,129,137,0,0,178,178,0,0,114,116,193,219,117,119,199,199,118,126,301,317,0,0,168,180,9
Eau09AI185,,,,A,F,,0,0,0,0,0,0,0,1,1,1;,00000001 1;,0,0,0,0,0,0,0,0,0,0,131,137,0,0,170,178,0,0,114,114,189,215,123,125,195,195,118,118,325,329,0,0,172,176,9
Eau09AI189,Eau09AI141 (D),,,D,F,,0,0,0,0,0,0,0,1,1,1;,00000001 1;,0,0,0,0,0,0,0,0,122,122,131,133,197,199,166,166,108,112,110,110,187,233,121,125,199,209,120,124,301,337,210,210,172,184,13
Eau09AI195,,,,B',F,,0,0,0,0,0,0,0,1,1,1;,00000001 1;,0,0,0,0,0,0,0,0,126,134,133,133,193,201,174,174,112,116,106,118,189,195,121,123,205,209,124,126,0,0,222,234,168,176,12
Eau09AI201,,,,A,F,,0,0,0,0,0,0,0,1,1,1;,00000001 1;,0,0,0,0,0,0,0,0,122,126,135,135,203,203,162,170,104,112,116,116,193,199,123,125,205,209,106,120,301,305,234,242,172,172,13
Eau09AI205,Eau09AI204 (A),,,A,F,,0,0,0,0,0,0,0,1,1,1;,00000001 1;,0,0,0,0,0,0,0,0,126,136,120,137,203,207,166,166,108,112,116,116,187,193,123,125,195,210,122,124,308,308,206,206,172,176,13
Eau09AI216,Eau09AI217 (B'),,,B',F,cow,0,0,0,0,0,0,0,1,1,1;,00000001 1;,0,0,0,0,0,0,0,1,126,126,131,133,195,207,162,178,112,120,114,118,199,209,119,125,195,199,120,122,301,329,238,242,176,184,13
Eau09AI218,,,,B',F,,0,0,0,0,0,0,0,1,1,1;,00000001 1;,0,0,0,0,0,0,0,0,126,136,135,141,195,199,166,166,112,116,114,118,193,195,125,125,195,197,118,124,305,309,238,242,176,184,13
Eau09AI221,,Eau08AI169,,B+,F,,0,0,0,0,0,0,1,1,2,1;,00000011 1;,0,0,0,0,0,0,0,0,124,134,122,133,203,205,178,178,112,116,112,116,193,215,125,125,197,199,118,126,301,301,214,242,168,180,13
Eau09AI222,Eau09AI142 (A) & Eau09AI188,Eau07AI095,,A,F,cow in 2009,0,0,0,0,0,1,0,1,2,1;,00000101 1;,0,0,0,0,0,0,0,1,132,148,131,141,203,203,174,178,112,116,114,120,187,189,117,125,197,207,120,122,305,313,210,242,172,184,13
Eau09AI223,,,,A,F,,0,0,0,0,0,0,0,1,1,1;,00000001 1;,0,0,0,0,0,0,0,0,122,134,131,137,201,203,170,178,108,112,112,112,195,215,117,125,207,209,118,120,309,309,238,242,168,180,13
Eau09AI225,,,,B+,F,,0,0,0,0,0,0,0,1,1,1;,00000001 1;,0,0,0,0,0,0,0,0,126,146,133,133,191,203,166,166,112,116,116,116,195,225,123,125,205,205,108,118,305,309,202,222,172,180,13
Eau09AI228,,,,C,F,cow,0,0,0,0,0,0,0,1,1,1;,00000001 1;,0,0,0,0,0,0,0,1,126,142,122,133,189,199,174,182,116,116,110,114,193,193,119,123,199,211,118,124,301,317,206,222,180,184,13
Eau09AI232,Eau09AI235 (D),Eau06AI028,,D,F,,0,0,0,0,1,0,0,1,2,1;,00001001 1;,0,0,0,0,0,0,0,0,126,140,122,133,199,199,162,166,112,116,108,116,187,199,125,125,211,211,118,124,301,317,206,242,180,184,13
Eau09AI234,,,,B+,F,,0,0,0,0,0,0,0,1,1,1;,00000001 1;,0,0,0,0,0,0,0,0,122,124,133,141,193,199,170,174,116,116,110,112,193,231,123,123,205,209,118,122,301,321,222,222,176,176,13
Eau09AI238,Eau09AI158 (B+),,,B+,F,cow,0,0,0,0,0,0,0,1,1,1;,00000001 1;,0,0,0,0,0,0,0,1,122,140,120,122,201,205,178,178,112,120,112,114,193,193,123,123,201,205,108,120,305,308,202,214,176,184,13
Eau09AI242,,,,E,F,,0,0,0,0,0,0,0,1,1,1;,00000001 1;,0,0,0,0,0,0,0,0,126,134,131,135,199,203,178,178,108,116,112,116,195,199,125,137,195,209,124,124,305,309,238,250,180,184,13
Eau09AI246,,,,B',F,,0,0,0,0,0,0,0,1,1,1;,00000001 1;,0,0,0,0,0,0,0,0,122,140,137,139,193,201,174,178,104,112,112,116,187,217,121,125,195,209,118,118,301,316,214,238,168,172,13
Eau09AI247,,,Eau97AI024,A,F,,0,0,1,0,0,0,0,1,2,1;,00100001 1;,0,0,0,0,0,0,0,0,126,126,133,137,189,199,166,170,108,116,110,118,193,193,121,123,199,205,108,108,305,333,0,0,176,180,12
Eau09AI249,Eau09AI059 (C ),,Eau95AI026,C,F,,1,0,0,0,0,0,0,1,2,1;,10000001 1;,0,0,0,0,0,0,0,0,126,142,122,133,199,199,174,178,116,124,110,114,193,237,119,125,199,203,120,124,313,317,206,206,180,180,13
Eau09AI250,,,,B+,F,,0,0,0,0,0,0,0,1,1,1;,00000001 1;,0,0,0,0,0,0,0,0,134,134,133,139,199,201,166,170,116,116,112,116,193,193,123,125,195,199,108,108,301,308,206,222,176,180,13
Eau09AI252,Eau09AI033 (C) & Eau09AI034 (C) & Eau09AI066 (C)& Eau09AI109,,,C,F,cow of 067,0,0,0,0,0,0,0,1,1,1;,00000001 1;,0,0,0,0,0,0,0,1,132,142,122,137,199,203,178,180,104,116,114,118,193,213,121,123,203,211,118,124,317,321,210,242,172,180,13
Eau09AI253,,,,A,F,,0,0,0,0,0,0,0,1,1,1;,00000001 1;,0,0,0,0,0,0,0,0,122,126,129,137,197,205,166,166,116,116,112,114,187,199,121,123,197,205,120,122,301,309,222,234,172,184,13
Eau09AI254,Eau09AI255 (A),,,A,F,cow,0,0,0,0,0,0,0,1,1,1;,00000001 1;,0,0,0,0,0,0,0,1,122,126,129,133,189,197,166,166,112,116,114,116,187,195,125,125,207,211,118,118,309,313,202,222,168,172,13
Eau95AI003,,,,B',F,,1,0,0,0,0,0,0,0,1,1;,10000000 1;,0,0,0,0,0,0,0,0,124,132,133,141,193,199,174,178,116,116,112,116,197,217,123,125,195,195,0,0,301,333,202,206,172,184,12
Eau95AI005,,,,A,F,,1,0,0,0,0,0,0,0,1,1;,10000000 1;,0,0,0,0,0,0,0,0,126,148,129,137,199,207,166,170,0,0,114,116,187,193,117,123,197,199,0,0,305,333,206,242,176,176,11
Eau95AI011,,,,C,F,,1,0,0,0,0,0,0,0,1,1;,10000000 1;,0,0,0,0,0,0,0,0,122,134,131,141,199,199,162,166,112,116,114,116,193,195,123,125,191,195,0,0,309,329,234,234,168,184,12
Eau95AI021,,,,B+,F,,1,0,0,0,0,0,0,0,1,1;,10000000 1;,0,0,0,0,0,0,0,0,132,142,122,133,199,203,174,178,112,116,112,120,187,195,119,125,199,205,0,0,313,317,222,242,172,180,12
Eau95AI023,,,,B+,F,cow,1,0,0,0,0,0,0,0,1,1;,10000000 1;,1,0,0,0,0,0,0,0,138,140,133,133,189,199,174,182,116,116,108,110,187,195,123,125,195,211,0,0,313,317,218,238,180,180,12
Eau95AI025,,,,A,F,,1,0,0,0,0,0,0,0,1,1;,10000000 1;,0,0,0,0,0,0,0,0,126,136,133,139,0,0,166,178,108,116,114,116,187,195,125,125,205,207,0,0,301,313,206,222,172,188,11
Eau95AI029,,,,B',F,cow,1,0,0,0,0,0,0,0,1,1;,10000000 1;,1,0,0,0,0,0,0,0,122,126,133,133,0,0,162,166,116,116,116,116,193,195,123,125,195,209,0,0,305,329,206,222,180,184,11
Eau95AI031,,,,B',F,,1,0,0,0,0,0,0,0,1,1;,10000000 1;,0,0,0,0,0,0,0,0,126,132,133,133,0,0,166,174,116,116,114,116,187,215,121,121,197,197,108,118,305,317,234,238,176,180,12
Eau95AI032,,,,A,F,cow,1,0,0,0,0,0,0,0,1,1;,10000000 1;,1,0,0,0,0,0,0,0,124,148,131,135,0,0,170,178,108,116,114,116,193,195,125,125,195,209,0,0,301,329,206,238,172,176,11
Eau95AI037,,,,B+,F,,1,0,0,0,0,0,0,0,1,1;,10000000 1;,0,0,0,0,0,0,0,0,132,134,133,141,189,201,166,178,116,116,110,116,193,199,121,125,210,211,0,0,301,313,222,238,168,172,12
Eau95AI041,Eau95AI051,,,B+,F,,1,0,0,0,0,0,0,0,1,1;,10000000 1;,0,0,0,0,0,0,0,0,126,142,133,133,189,203,166,178,112,116,114,118,195,195,125,125,197,207,0,0,305,333,206,230,168,168,12
Eau95AI043,,,,C,F,,1,0,0,0,0,0,0,0,1,1;,10000000 1;,0,0,0,0,0,0,0,0,122,132,122,129,195,197,166,178,108,116,110,118,195,199,123,125,203,211,0,0,305,317,230,238,176,180,12
Eau95AI047,,,,C,F,,1,0,0,0,0,0,0,0,1,1;,10000000 1;,0,0,0,0,0,0,0,0,126,134,137,141,195,203,166,170,116,120,118,118,187,189,121,123,195,203,0,0,305,308,214,250,172,184,12
Eau95AI054,Eau95AI018 & Eau95AI064,,,A,F,,1,0,0,0,0,0,0,0,1,1;,10000000 1;,0,0,0,0,0,0,0,0,122,122,122,137,197,203,166,186,108,112,116,118,187,199,123,125,211,211,120,122,301,301,222,238,176,176,13
Eau95AI055,,,,B+,F,,1,0,0,0,0,0,0,0,1,1;,10000000 1;,0,0,0,0,0,0,0,0,122,140,0,0,195,197,166,178,112,116,108,118,193,193,123,125,197,203,0,0,305,313,222,250,176,176,11
Eau95AI060,,,,D,F,,1,0,0,0,0,0,0,0,1,1;,10000000 1;,0,0,0,0,0,0,0,0,122,138,131,133,193,195,166,166,112,116,110,114,193,199,121,127,205,209,0,0,301,305,214,242,176,180,12
Eau95AI067,Eau95AI070,,,D,F,,1,0,0,0,0,0,0,0,1,1;,10000000 1;,0,0,0,0,0,0,0,0,122,140,129,131,189,199,178,178,112,116,116,116,199,199,121,125,197,203,0,0,305,305,206,222,176,176,12
Eau95AI068,,,,B+,F,,1,0,0,0,0,0,0,0,1,1;,10000000 1;,0,0,0,0,0,0,0,0,126,138,135,137,195,203,166,174,116,116,112,116,187,187,121,125,195,197,108,108,301,333,214,214,176,180,13
Eau95AI069,Eau95AI007,,,C,F,,1,0,0,0,0,0,0,0,1,1;,10000000 1;,0,0,0,0,0,0,0,0,122,122,122,133,189,205,178,178,112,116,110,114,187,193,123,125,205,211,106,120,301,305,206,206,180,184,13
Eau96AI007,,,,CarHapJ,F,,0,1,0,0,0,0,0,0,1,1;,01000000 1;,0,0,0,0,0,0,0,0,122,126,0,0,203,205,166,174,112,112,116,116,193,209,117,125,195,197,0,0,301,309,238,238,184,184,11
Eau96AI014,,,,A,F,COW,0,1,0,0,0,0,0,0,1,1;,01000000 1;,0,1,0,0,0,0,0,0,122,122,133,133,193,203,166,166,112,116,114,116,195,231,121,123,197,207,0,0,301,305,238,238,172,176,12
Eau96AI015,Eau96AI049,,,B+,F,,0,1,0,0,0,0,0,0,1,1;,01000000 1;,0,0,0,0,0,0,0,0,126,134,133,135,191,191,174,178,116,116,112,116,193,195,123,125,195,199,,,320,333,206,222,172,172,12
Eau96AI021,,,,B+,F,,0,1,0,0,0,0,0,0,1,1;,01000000 1;,0,0,0,0,0,0,0,0,126,134,133,141,189,201,166,182,116,116,110,116,193,195,121,125,191,195,118,122,317,329,206,222,184,184,13
Eau96AI022,,Eau97AI005,,B+,F,,0,1,1,0,0,0,0,0,2,1;,01100000 1;,0,0,0,0,0,0,0,0,122,136,135,141,193,203,170,178,116,116,112,112,193,231,123,123,205,209,120,122,301,301,206,222,176,180,13
Eau96AI029,,,,B+,F,,0,1,0,0,0,0,0,0,1,1;,01000000 1;,0,0,0,0,0,0,0,0,122,126,133,133,195,203,0,0,112,116,114,118,193,195,123,125,195,209,118,122,301,317,0,0,172,180,11
Eau96AI030,,Eau98AI013,,B',F,,0,1,0,1,0,0,0,0,2,1;,01010000 1;,0,0,0,0,0,0,0,0,122,126,133,137,203,203,166,174,112,112,118,120,187,193,125,125,197,209,108,108,301,308,234,234,168,176,13
Eau96AI031,,,,B',F,,0,1,0,0,0,0,0,0,1,1;,01000000 1;,0,0,0,0,0,0,0,0,122,128,137,139,193,201,178,178,112,116,0,0,0,0,0,0,195,209,118,126,301,316,206,214,168,172,10
Eau96AI032,,,,B+,F,,0,1,0,0,0,0,0,0,1,1;,01000000 1;,0,0,0,0,0,0,0,0,122,140,0,0,195,199,178,178,104,116,116,116,221,225,123,125,205,209,120,120,301,317,206,238,176,180,12
Eau96AI035,Eau96AI006,,,B+,F,,0,1,0,0,0,0,0,0,1,1;,01000000 1;,0,0,0,0,0,0,0,0,122,122,133,133,0,0,178,178,112,112,118,118,187,193,121,123,195,209,122,124,301,317,206,250,172,172,12
Eau96AI044,,,,B+,F,cow,0,1,0,0,0,0,0,0,1,1;,01000000 1;,0,1,0,0,0,0,0,0,126,136,0,0,199,203,174,178,116,116,114,118,189,193,125,125,195,211,118,122,301,333,230,230,172,180,12
Eau96AI045,Eau96AI033,,,A,F,cow,0,1,0,0,0,0,0,0,1,1;,01000000 1;,0,1,0,0,0,0,0,0,122,138,133,139,193,197,174,178,108,116,116,116,193,199,125,125,199,207,124,126,305,308,206,206,172,172,13
Eau96AI046,,,,C,F,cow,0,1,0,0,0,0,0,0,1,1;,01000000 1;,0,1,0,0,0,0,0,0,122,130,131,133,199,201,162,166,112,116,110,116,193,195,121,123,191,203,122,124,309,333,234,234,176,184,13
Eau96AI048,,,,A,F,cow ,0,1,0,0,0,0,0,0,1,1;,01000000 1;,0,1,0,0,0,0,0,0,122,148,0,0,193,193,174,178,116,116,114,118,187,199,125,127,195,205,118,122,305,309,0,0,168,180,11
Eau96AI050,,,,B+,F,,0,1,0,0,0,0,0,0,1,1;,01000000 1;,0,0,0,0,0,0,0,0,126,148,133,137,203,207,166,178,112,116,118,120,193,215,117,121,205,207,0,0,301,305,206,238,0,0,11
Eau96AI051,,,,A,F,,0,1,0,0,0,0,0,0,1,1;,01000000 1;,0,0,0,0,0,0,0,0,122,122,0,0,203,203,166,178,108,112,114,116,187,231,123,125,197,197,118,118,305,345,206,222,176,176,12
Eau97AI001,,,,B',F,,0,0,1,0,0,0,0,0,1,1;,00100000 1;,0,0,0,0,0,0,0,0,132,144,0,0,199,203,166,174,116,116,108,110,187,217,121,125,205,205,108,126,309,317,238,238,168,180,12
Eau97AI006,,,,D,F,,0,0,1,0,0,0,0,0,1,1;,00100000 1;,0,0,0,0,0,0,0,0,122,130,133,137,191,201,166,170,104,112,110,114,0,0,0,0,195,207,108,108,305,305,226,226,172,172,11
Eau97AI010,,,,B+,F,,0,0,1,0,0,0,0,0,1,1;,00100000 1;,0,0,0,0,0,0,0,0,136,142,133,135,195,201,170,174,112,116,108,116,187,209,121,125,205,205,120,120,301,301,206,206,172,172,13
Eau97AI017,,,,B+,F,,0,0,1,0,0,0,0,0,1,1;,00100000 1;,0,0,0,0,0,0,0,0,122,126,129,133,191,203,178,178,112,112,110,118,189,193,123,125,197,209,108,120,301,309,210,222,172,180,13
Eau97AI018,,,,B+,F,,0,0,1,0,0,0,0,0,1,1;,00100000 1;,0,0,0,0,0,0,0,0,142,148,133,139,193,203,178,178,112,124,116,118,187,193,125,125,197,211,118,120,301,337,238,238,176,184,13
Eau97AI019,,,,A,F,,0,0,1,0,0,0,0,0,1,1;,00100000 1;,0,0,0,0,0,0,0,0,122,124,133,141,193,203,166,178,116,120,116,120,193,195,121,123,195,197,124,126,305,333,214,234,172,180,13
Eau97AI029,,Eau95AI065,,D,F,,1,0,1,0,0,0,0,0,2,1;,10100000 1;,0,0,0,0,0,0,0,0,126,130,129,133,199,201,166,178,116,120,112,114,187,193,123,125,195,209,0,0,0,0,0,0,172,176,10
Eau97AI040,,,,B+,F,cow,0,0,1,0,0,0,0,0,1,1;,00100000 1;,0,0,1,0,0,0,0,0,126,130,133,137,193,195,174,174,112,116,0,0,0,0,123,125,197,205,118,120,320,333,234,250,176,184,11
Eau97AI044,,,,D,F,,0,0,1,0,0,0,0,0,1,1;,00100000 1;,0,0,0,0,0,0,0,0,126,132,0,0,199,203,162,166,0,0,106,116,193,199,117,125,201,205,118,124,313,329,206,234,168,176,11
Eau97AI049,Eau97AI031,Eau95AI020,Eau08AI031,B+,F,cow in 1997 & 2008,1,0,1,0,0,0,1,0,3,1;,10100010 1;,0,0,1,0,0,0,1,0,126,146,122,133,203,205,166,178,0,0,112,116,195,231,125,125,195,211,108,118,305,353,0,0,168,176,11
Eau97AI054,,,,A,F,,0,0,1,0,0,0,0,0,1,1;,00100000 1;,0,0,0,0,0,0,0,0,130,130,133,141,0,0,174,174,112,116,0,0,193,193,117,123,0,0,118,122,301,333,230,230,172,184,10
Eau97AI056,Eau97AI008,,,B+,F,,0,0,1,0,0,0,0,0,1,1;,00100000 1;,0,0,0,0,0,0,0,0,126,126,129,133,0,0,178,178,116,116,114,116,189,195,119,125,195,197,122,124,301,301,210,230,180,184,12
Eau97AI061,,,,D,F,,0,0,1,0,0,0,0,0,1,1;,00100000 1;,0,0,0,0,0,0,0,0,126,136,133,133,199,201,162,174,108,116,114,116,199,227,125,125,195,209,108,118,301,313,206,222,172,176,13
Eau97AI068,Eau97AI066,,,PorHap4,F,cow,0,0,1,0,0,0,0,0,1,1;,00100000 1;,0,0,1,0,0,0,0,0,124,140,0,0,203,203,178,182,104,104,114,116,189,193,123,125,197,209,122,124,301,305,206,238,172,176,12
Eau97AI070,,,,A,F,cow,0,0,1,0,0,0,0,0,1,1;,00100000 1;,0,0,1,0,0,0,0,0,142,148,0,0,193,195,0,0,108,112,110,116,0,0,123,125,209,209,120,122,301,305,218,238,172,176,10
Eau98AI008,Eau98AI009,,,C,F,,0,0,0,1,0,0,0,0,1,1;,00010000 1;,0,0,0,0,0,0,0,0,122,146,129,133,0,0,166,178,108,120,110,116,187,189,121,123,205,205,120,120,305,333,218,218,168,168,12
Eau98AI012,Eau98AI051,,,B+,F,cow,0,0,0,1,0,0,0,0,1,1;,00010000 1;,0,0,0,1,0,0,0,0,126,158,133,137,0,0,0,0,112,112,118,118,0,0,117,125,195,207,122,126,305,305,0,0,168,180,9
Eau98AI022,Eau98AI027,,,A,F,,0,0,0,1,0,0,0,0,1,1;,00010000 1;,0,0,0,0,0,0,0,0,126,130,135,141,0,0,162,178,112,112,116,116,193,231,123,125,205,209,120,122,305,309,214,234,172,176,12
Eau98AI059,,,,D,F,,0,0,0,1,0,0,0,0,1,1;,00010000 1;,0,0,0,0,0,0,0,0,0,0,133,135,191,203,170,182,112,112,116,118,187,187,121,127,195,210,108,118,0,0,0,0,168,180,10
Eau98AI065,,,,C,F,,0,0,0,1,0,0,0,0,1,1;,00010000 1;,0,0,0,0,0,0,0,0,122,132,129,135,193,199,174,178,112,116,112,116,193,199,125,125,199,205,108,120,0,0,226,238,172,180,12
Eau98AI068,,,,A,F,COW,0,0,0,1,0,0,0,0,1,1;,00010000 1;,0,0,0,1,0,0,0,0,126,132,137,141,189,195,166,174,112,116,114,116,189,199,121,121,195,195,118,120,313,345,218,238,176,184,13
Eau98AI070,,,,A,F,subadult,0,0,0,1,0,0,0,0,1,1;,00010000 1;,0,0,0,0,0,0,0,0,122,148,122,133,189,203,166,174,108,112,118,120,187,193,121,123,205,211,0,0,0,0,238,238,0,0,10
Eau98AI073,,,,B',F,,0,0,0,1,0,0,0,0,1,1;,00010000 1;,0,0,0,0,0,0,0,0,126,126,133,141,193,193,166,174,108,116,116,116,189,215,121,123,197,203,108,122,301,305,0,0,168,176,12
Eau98AI074,,,,B+,F,,0,0,0,1,0,0,0,0,1,1;,00010000 1;,0,0,0,0,0,0,0,0,126,140,133,133,189,201,170,182,116,116,108,116,195,199,125,125,205,211,118,126,301,317,206,238,176,180,13
Eau98AI075,,,,A,F,,0,0,0,1,0,0,0,0,1,1;,00010000 1;,0,0,0,0,0,0,0,0,122,128,133,141,193,203,166,178,116,116,114,114,187,227,123,123,197,205,118,122,309,309,238,238,168,176,13
Eau98AI076,,,,A,F,,0,0,0,1,0,0,0,0,1,1;,00010000 1;,0,0,0,0,0,0,0,0,126,148,133,133,193,203,166,170,104,116,112,120,193,241,121,125,205,205,118,126,301,305,0,0,180,180,12
Eau98AI079,,,,A,F,,0,0,0,1,0,0,0,0,1,1;,00010000 1;,0,0,0,0,0,0,0,0,122,122,133,137,189,191,0,0,104,104,114,120,0,0,123,123,199,211,120,120,305,305,0,0,172,176,10
Eau98AI081,,,,B+,F,COW,0,0,0,1,0,0,0,0,1,1;,00010000 1;,0,0,0,1,0,0,0,0,122,142,133,133,195,201,174,178,112,112,116,118,193,199,123,125,205,211,122,124,309,329,206,234,172,184,13
Eau98AI082,Eau98AI100,,,C,F,subadult,0,0,0,1,0,0,0,0,1,1;,00010000 1;,0,0,0,0,0,0,0,0,122,132,133,141,187,201,166,166,112,124,110,112,199,199,121,123,195,197,124,126,301,333,206,234,172,180,13
Eau98AI096,,,,B+,F,,0,0,0,1,0,0,0,0,1,1;,00010000 1;,0,0,0,0,0,0,0,0,122,146,133,133,201,203,178,178,108,112,114,116,0,0,0,0,207,211,108,108,301,353,0,0,168,168,10
Eau98AI097,Eau98AI011,,,C,F,,0,0,0,1,0,0,0,0,1,1;,00010000 1;,0,0,0,0,0,0,0,0,124,126,133,137,195,195,174,180,104,116,112,116,187,193,123,127,197,209,120,126,305,320,210,214,176,184,13
Eau98AI098,,,,B',F,COW,0,0,0,1,0,0,0,0,1,1;,00010000 1;,0,0,0,1,0,0,0,0,148,148,139,139,189,203,166,174,108,116,110,120,193,199,123,123,197,205,108,122,321,353,238,238,172,176,13
Eau98AI107,,,,D,F,COW,0,0,0,1,0,0,0,0,1,1;,00010000 1;,0,0,0,1,0,0,0,0,122,126,133,135,199,201,170,170,108,112,114,116,195,227,125,125,209,209,118,120,305,345,206,222,172,176,13
Eau98AI109,,,,A,F,COW,0,0,0,1,0,0,0,0,1,1;,00010000 1;,0,0,0,1,0,0,0,0,126,128,122,129,193,203,166,166,120,124,0,0,0,0,0,0,0,0,106,108,301,317,222,222,172,184,9
Eau98AI112,,,,B+,F,,0,0,0,1,0,0,0,0,1,1;,00010000 1;,0,0,0,0,0,0,0,0,126,142,133,137,201,203,166,174,112,112,106,116,193,195,123,123,197,209,108,124,312,317,202,234,168,172,13
Eau98AI118,,,,B+,F,COW,0,0,0,1,0,0,0,0,1,1;,00010000 1;,0,0,0,1,0,0,0,0,126,138,133,139,193,197,166,178,108,116,110,114,195,219,125,125,205,207,118,118,305,313,206,206,172,172,13
Eau98AI122,,,,B+,F,,0,0,0,1,0,0,0,0,1,1;,00010000 1;,0,0,0,0,0,0,0,0,0,0,131,133,195,207,174,178,116,116,110,114,187,187,123,125,197,205,120,120,301,317,222,234,180,184,12
Eau98AI127,Eau98AI078,,,PorHap4.1,F,,0,0,0,1,0,0,0,0,1,1;,00010000 1;,0,0,0,0,0,0,0,0,126,126,129,135,189,201,166,178,0,0,114,116,0,0,117,125,205,207,118,122,305,309,206,214,176,176,11
Eau98AI128,,Eau95AI042,,N/A,F,,1,0,0,1,0,0,0,0,2,1;,10010000 1;,0,0,0,0,0,0,0,0,136,148,133,139,203,207,166,178,112,124,112,116,0,0,123,125,205,211,118,126,305,305,0,0,176,184,11
Eau98AI135,Eau98AI130,,,N/A,F,COW - 130,0,0,0,1,0,0,0,0,1,1;,00010000 1;,0,0,0,1,0,0,0,0,122,126,120,133,199,203,174,178,108,116,112,118,187,193,125,125,191,203,118,120,301,308,0,0,176,184,12
Eau98AI137,,,,A,F,COW,0,0,0,1,0,0,0,0,1,1;,00010000 1;,0,0,0,1,0,0,0,0,0,0,133,137,0,0,178,180,116,116,110,118,187,199,123,125,203,207,118,118,308,337,218,238,172,176,11
Eau98AI142,,Eau95AI049,Eau08AI155,C,F,"cow in 1995 & 1998, 2008",1,0,0,1,0,0,1,0,3,1;,10010010 1;,1,0,0,1,0,0,1,0,122,134,139,141,193,195,166,184,112,116,112,116,189,195,121,125,191,210,120,122,305,313,222,238,176,176,13
Eau98AI147,,,,D,F,,0,0,0,1,0,0,0,0,1,1;,00010000 1;,0,0,0,0,0,0,0,0,122,140,133,137,203,203,166,178,0,0,118,118,193,193,121,125,195,205,108,120,301,308,214,238,176,180,12
Eau98AI149,,,,A,F,cow,0,0,0,1,0,0,0,0,1,1;,00010000 1;,0,0,0,1,0,0,0,0,130,144,0,0,0,0,174,178,112,116,110,118,195,233,125,127,195,205,120,120,305,313,214,214,172,176,11
Eau98AI153,,,,A,F,,0,0,0,1,0,0,0,0,1,1;,00010000 1;,0,0,0,0,0,0,0,0,142,142,133,137,207,207,0,0,112,116,114,116,195,221,123,123,195,205,108,118,301,317,206,238,176,184,12
Eau98AI154,,,,A,F,,0,0,0,1,0,0,0,0,1,1;,00010000 1;,0,0,0,0,0,0,0,0,126,140,133,137,195,195,166,178,108,116,114,120,187,193,123,125,197,209,118,122,301,337,214,214,172,172,13
Eau98AI158,,,,N/A,F,COW,0,0,0,1,0,0,0,0,1,1;,00010000 1;,0,0,0,1,0,0,0,0,122,142,0,0,201,203,174,178,0,0,116,118,0,0,123,123,195,205,118,120,305,305,0,0,168,172,9
,,,,,,,28,20,19,46,50,86,92,103,3,,,6,6,4,17,19,34,56,43,,,,,,,,,,,,,,,,,,,,,,,,,,,
414 captures,,,,,,160,444,,,,,,,,0,,,,,,,,,,,,,,,,,,,,,,,,,,,,,,,,,,,,,
388 whales,,,,,,11,,,,,,,,,,,,,,,,,,,,,,,,,,,,,,,,,,,,,,,,,,,,,,
362,once,,,,,,,,,,,,,,,,,,,,,,,,,,,,,,,,,,,,,,,,,,,,,,,,,,,
26,twice,,,,,,,,,,,,,,,,,,,,,,,,,,,,,,,,,,,,,,,,,,,,,,,,,,,
414,,,,,,,,,,,,,,,,,,,,,,,,,,,,,,,,,,,,,,,,,,,,,,,,,,,,
,,,61,0.9166666667,,,,,,,,,,,,,,,,,,,,,,,,,,,,,,,,,,,,,,,,,,,,,,,,
,,,43,610,0.8591549296,,,,,,,,,,,,,,,,,,,,,,,,,,,,,,,,,,,,,,,,,,,,,,,
,,,105,90,0.1267605634,,,,,,,,,,,,,,,,,,,,,,,,,,,,,,,,,,,,,,,,,,,,,,,
,,,111,,0.01267605634,,,,,,,,,,,,,,,,,,,,,,,,,,,,,,,,,,,,,,,,,,,,,,,
,,,170,,0.001408450704,,,,,,,,,,,,,,,,,,,,,,,,,,,,,,,,,,,,,,,,,,,,,,,
,,,158,,,,,,,,,,,,,,,,,,,,,,,,,,,,,,,,,,,,,,,,,,,,,,,,,
,,,191,,,,,,,,,,,,,,,,,,,,,,,,,,,,,,,,,,,,,,,,,,,,,,,,,
,,,136,,,,,,,,,,,,,,,,,,,,,,,,,,,,,,,,,,,,,,,,,,,,,,,,,
,,,,,,,,,,,,,,,,,,,,,,,,,,,,,,,,,,,,,,,,,,,,,,,,,,,,
,,,,,2520,,,,,,,,,,,,,,,,,,,,,,,,,,,,,,,,,,,,,,,,,,,,,,,
,,,,,1764,,,,,,,,,,,,,,,,,,,,,,,,,,,,,,,,,,,,,,,,,,,,,,,