Sample Name,REPEAT,DLP,SEX,FIELD DATA,EV1a,EV1b,EV14a,EV14b,EV37a,EV37b,GATA28a,GATA28b,GATA98a,GATA98b,GT23a,GT23b,RW18a,RW18b,RW31a,RW31b,RW410a,RW410b,RW48a,RW48b,TR3F4a,TR3F4b,TR3G1a,TR3G1b,TR3G2a,TR3G2b,0
Eau95AI017,,A,F,calf,128,136,133,137,197,207,166,178,108,116,112,114,0,0,121,125,210,211,0,0,317,337,238,238,176,184,11
Eau95AI040,,B+,F,calf,126,144,133,133,203,203,174,178,116,116,114,116,187,199,121,123,191,195,0,0,320,333,222,222,172,184,12
Eau97AI050,,B+,F,CALF,130,132,129,133,0,0,174,178,108,116,116,116,193,193,123,137,195,207,118,120,0,0,234,234,176,184,11
Eau98AI063,,A,F,CALF,124,132,122,133,199,203,162,182,0,0,110,114,187,219,123,125,211,211,0,0,0,0,206,238,0,0,9
Eau98AI066,,A,F,CALF,126,126,133,135,191,203,162,166,116,116,116,118,193,195,123,125,195,207,118,122,301,317,222,242,172,172,13
Eau98AI106,,D,F,calf,120,122,135,141,201,203,170,178,112,112,116,118,187,195,121,125,209,211,120,122,305,329,206,206,172,176,13
Eau06AI040,,A,F,calf,126,140,133,137,195,203,166,180,116,120,110,120,187,239,0,0,205,207,118,118,305,337,222,238,172,176,12
Eau07AI172,,A,F,calf,136,140,122,133,193,195,174,178,104,120,114,114,193,209,117,125,195,201,118,122,301,301,222,222,172,176,13
Eau07AI179,,A,F,calf,132,144,131,133,201,203,166,174,108,112,106,114,195,195,123,125,199,205,108,118,309,313,206,222,176,188,13
Eau07AI190,,B',F,calf,122,140,133,135,189,199,170,178,116,120,110,112,0,0,123,123,205,211,124,126,305,309,206,238,172,184,12
Eau07AI073,"Eau07AI013 (B+,F)",B+,F,calf,130,142,133,137,195,195,174,180,104,108,116,118,193,239,123,123,195,209,108,118,305,305,222,234,172,180,13
Eau07AI142,,B+,F,calf,122,140,133,133,189,195,178,178,116,120,108,116,187,193,123,125,203,205,108,108,305,317,206,238,168,176,13
Eau07AI025,,D,F,calf,122,130,133,137,191,201,166,170,112,112,110,114,189,199,121,121,205,207,108,108,305,308,206,238,172,172,13
Eau07AI053,"Eau07AI054 (D, F CALF) & Eau07AI128",D,F,calf,122,126,137,137,203,203,178,178,108,112,112,116,189,195,123,125,205,211,120,126,301,305,206,238,168,176,13
Eau07AI196,,D,F,calf,122,124,0,0,189,203,170,174,104,112,108,116,189,195,125,125,197,211,118,120,313,329,238,238,172,176,12
Eau07AI078,,PATMALHAPB,F,calf,128,132,129,137,199,201,178,178,104,116,114,116,193,219,117,119,199,199,118,126,301,317,206,222,168,180,13
Eau07AI210,,PORHAP4,F,calf,126,144,129,137,187,195,178,178,112,124,116,120,189,225,119,125,197,197,120,124,301,301,0,0,168,172,12
Eau08AI015,,B',F,calf,136,140,135,143,199,201,166,178,112,116,110,116,187,193,117,127,195,197,120,122,301,305,222,238,172,184,13
Eau08AI079,,B',F,calf,126,142,133,139,193,195,166,166,108,116,116,120,193,217,123,125,191,195,106,122,305,333,222,238,172,172,13
Eau08AI081,,A,F,calf,126,134,137,141,207,207,166,166,112,112,112,116,187,193,121,121,195,211,122,124,305,313,206,218,180,184,13
Eau08AI083,,A,F,calf,126,126,0,0,195,203,178,178,116,116,110,116,195,199,0,0,191,209,124,126,301,333,206,206,172,172,11
Eau08AI121,,A,F,calf,122,132,131,133,195,201,166,170,112,116,112,120,189,199,125,125,203,205,118,122,313,317,226,226,172,172,13
Eau08AI133,,D,F,calf,122,122,122,133,189,201,162,166,108,116,118,118,193,195,125,125,205,209,106,118,309,333,214,222,176,180,13
Eau08AI138,,D,F,calf,130,148,131,133,201,201,178,178,104,108,108,116,189,193,123,125,205,209,120,124,301,317,206,206,168,172,13
Eau08AI163,,B+,F,calf,126,138,122,133,189,191,166,182,116,116,114,116,195,231,125,125,195,195,118,122,301,305,206,238,176,184,13
Eau08AI181,,A,F,calf,126,128,133,137,195,207,162,166,108,116,114,116,193,197,121,123,209,211,108,122,305,317,202,238,176,184,13
Eau08AI189,,B+,F,calf,126,126,133,133,201,203,174,178,112,116,112,114,195,199,121,123,197,199,120,122,333,333,202,238,172,188,13
Eau08AI196,,B+,F,calf,136,142,133,133,189,201,162,174,108,112,0,0,187,193,125,125,197,199,108,120,329,333,210,238,172,176,12
Eau95AI001,,A,M,calf,128,140,133,139,193,201,170,178,104,108,110,116,187,219,121,125,199,199,0,0,301,301,206,238,172,180,12
Eau95AI058,,B+,M,calf,146,148,129,133,199,199,174,174,112,116,114,118,189,193,123,125,191,197,0,0,301,353,214,214,172,172,12
Eau96AI043,,B',M,calf,122,134,0,0,189,207,0,0,108,116,116,116,193,199,123,125,197,205,108,108,313,337,0,0,172,176,10
Eau96AI047,,A,M,calf,122,122,122,133,203,203,166,170,108,112,108,114,187,195,123,123,197,197,118,120,301,301,206,238,172,172,13
Eau97AI063,,B++,M,CALF,122,122,133,135,0,0,0,0,112,116,114,116,0,0,121,125,195,209,106,124,301,317,234,234,172,180,10
Eau98AI152,,B+,M,calf,142,148,0,0,189,207,166,178,112,116,116,118,187,195,121,125,197,211,118,122,301,301,0,0,176,180,11
Eau06AI018,,B+,M,calf,140,142,129,133,189,195,0,0,112,112,110,118,187,231,123,125,195,195,118,122,305,317,206,238,176,184,12
Eau06AI027,,A,M,calf,126,136,135,137,189,203,170,178,108,108,112,118,187,199,123,123,207,210,118,122,301,333,0,0,172,172,12
Eau06AI029,,,M,calf,0,0,0,0,191,201,0,0,108,116,116,120,187,193,117,123,195,211,120,124,301,320,0,0,172,188,9
Eau06AI037,,D,M,calf,122,140,129,141,203,203,166,178,116,120,108,108,193,213,121,123,211,211,120,124,305,305,222,238,168,180,13
Eau06AI044,,B',M,calf,126,130,133,137,201,203,166,180,108,112,116,118,193,195,125,125,195,207,118,126,305,333,0,0,168,180,12
Eau06AI045,,B',M,calf,122,142,122,133,193,205,166,178,112,112,116,116,193,225,125,125,195,205,120,120,317,345,206,242,172,172,13
Eau06AI134,"Eau06AI117 (A,M)",A,M,calf (117),122,142,135,139,187,203,168,174,108,112,116,120,193,225,0,0,203,209,118,118,301,305,234,238,168,172,12
Eau07AI102,,B',M,calf,122,148,122,141,193,193,174,178,112,116,110,114,187,217,123,125,195,205,120,120,309,317,234,234,168,172,13
Eau07AI186,,B',M,calf,124,130,129,133,191,191,174,178,112,116,114,114,193,227,123,123,205,211,124,124,309,313,206,222,172,184,13
Eau07AI067,"Eau07AI228 (B+, M)",B+,M,calf,126,128,133,141,189,207,178,178,108,112,118,118,189,239,117,121,197,207,122,126,305,309,214,214,168,176,13
Eau07AI170,,B+,M,calf,126,138,137,139,191,201,178,178,112,112,116,118,0,0,121,125,199,203,118,120,301,305,206,234,172,172,12
Eau07AI217,,B+,M,calf,128,138,133,135,199,207,162,178,116,116,114,118,193,193,121,123,195,203,118,120,305,305,0,0,0,0,11
Eau07AI230,,B+,M,calf,130,148,133,135,199,201,166,178,104,112,116,118,187,195,125,125,195,205,118,120,301,309,222,222,172,180,13
Eau07AI188,,PORHAP4,M,calf,0,0,133,141,195,199,162,174,112,116,116,118,193,193,123,125,199,205,118,124,329,333,222,238,168,172,12
Eau07AI087,,,M,calf,126,126,133,135,191,199,166,166,112,116,110,112,193,231,123,123,203,211,108,118,301,333,222,238,176,188,13
Eau07AI200,,,M,calf,134,142,133,141,193,207,174,178,0,0,116,116,0,0,123,125,209,209,120,124,0,0,0,0,168,172,9
Eau08AI030,,A,M,calf,126,144,135,141,187,203,166,186,116,124,0,0,187,187,117,123,197,211,118,122,301,309,210,242,168,176,12
Eau08AI067,,?B+,M,calf,134,134,133,141,0,0,166,174,116,116,110,116,189,231,123,125,195,205,118,122,317,329,0,0,172,180,11
Eau08AI089,,A,M,calf,122,126,133,135,193,203,174,178,108,116,114,118,193,193,123,125,195,205,120,122,301,317,218,218,172,172,13
Eau08AI090,,A,M,calf,122,126,133,135,201,207,166,166,104,112,116,116,187,187,123,125,207,209,120,120,301,329,218,218,168,176,13
Eau08AI112,,B',M,calf,126,134,122,133,189,207,166,166,112,116,114,116,187,193,117,125,195,211,108,118,313,313,206,206,172,184,13
Eau07AI076,,,,calf,126,126,133,137,203,203,178,182,108,112,0,0,0,0,123,123,0,0,120,120,301,333,0,0,168,184,9
Eau07AI199,,,,calf,126,126,135,137,195,199,166,166,0,0,114,116,195,195,123,131,205,209,118,118,301,313,0,0,176,184,11
,,,,,,,,,,,,,,,,,,,,,,,,,,,,,,,
,,,,,,,,,,,,,,,,,,,,,,,,,,,,,,,
,,,,,,,,,,,,,,,,,,,,,,,,,,,,,,,
,M,1,,,,,,,,,,,,,,,,,,,,,,,,,,,,,
,M,2,,,,,,,,,,,,,,,,,,,,,,,,,,,,,
,M,3,,,,,,,,,,,,,,,,,,,,,,,,,,,,,
,M,4,,,,,,,,,,,,,,,,,,,,,,,,,,,,,
,M,5,,,,,,,,,,,,,,,,,,,,,,,,,,,,,
,M,6,,,,,,,,,,,,,,,,,,,,,,,,,,,,,
,M,7,,,,,,,,,,,,,,,,,,,,,,,,,,,,,
,M,8,,,,,,,,,,,,,,,,,,,,,,,,,,,,,
,M,9,,,,,,,,,,,,,,,,,,,,,,,,,,,,,
,M,10,,,,,,,,,,,,,,,,,,,,,,,,,,,,,
,M,11,,,,,,,,,,,,,,,,,,,,,,,,,,,,,
,M,12,,,,,,,,,,,,,,,,,,,,,,,,,,,,,
,M,13,,,,,,,,,,,,,,,,,,,,,,,,,,,,,
,M,14,,,,,,,,,,,,,,,,,,,,,,,,,,,,,
,M,15,,,,,,,,,,,,,,,,,,,,,,,,,,,,,
,M,16,,,,,,,,,,,,,,,,,,,,,,,,,,,,,
,M,17,,,,,,,,,,,,,,,,,,,,,,,,,,,,,
,M,18,,,,,,,,,,,,,,,,,,,,,,,,,,,,,
,M,19,,,,,,,,,,,,,,,,,,,,,,,,,,,,,
,M,20,,,,,,,,,,,,,,,,,,,,,,,,,,,,,
,M,21,,,,,,,,,,,,,,,,,,,,,,,,,,,,,
,M,22,,,,,,,,,,,,,,,,,,,,,,,,,,,,,
,M,23,,,,,,,,,,,,,,,,,,,,,,,,,,,,,
,M,24,,,,,,,,,,,,,,,,,,,,,,,,,,,,,
,M,25,,,,,,,,,,,,,,,,,,,,,,,,,,,,,
,M,26,,,,,,,,,,,,,,,,,,,,,,,,,,,,,
,M,27,,,,,,,,,,,,,,,,,,,,,,,,,,,,,