Sample Name,repeat,bym,bsm,DLP,SEX,field data,1995,1996,1997,1998,2006,2007,2008,2009,,mark input,,EV1a,EV1b,EV14a,EV14b,EV37a,EV37b,GATA28a,GATA28b,GATA98a,GATA98b,GT23a,GT23b,RW18a,RW18b,RW31a,RW31b,RW410a,RW410b,RW48a,RW48b,TR3F4a,TR3F4b,TR3G1a,TR3G1b,TR3G2a,TR3G2b,0
Eau09AI169,,Eau06AI012,,A,M,,0,0,0,0,1,0,0,1,2,1;,00001001 1;,122,138,135,137,187,199,162,174,112,116,116,116,187,215,117,123,191,203,118,124,329,333,206,230,184,184,13
Eau08AI126,,Eau06AI020; Eau07AI079,,D,M,,0,0,0,0,1,1,1,0,3,1;,00001110 1;,122,126,129,141,197,199,166,178,120,124,110,118,189,195,123,125,197,211,124,126,313,317,222,238,168,180,13
Eau07AI204,"Eau07AI009 (D,M)",Eau06AI041,,D,M,,0,0,0,0,1,1,0,0,2,1;,00001100 1;,126,140,129,129,189,199,162,170,112,116,112,114,193,195,119,125,197,209,108,122,305,345,222,222,172,176,13
Eau09AI233,Eau09AI251 (D),Eau06AI087,,D,M,,0,0,0,0,1,0,0,1,2,1;,00001001 1;,124,130,137,147,195,201,166,170,112,120,114,116,193,195,123,125,199,205,120,124,301,305,222,226,176,184,13
Eau08AI009,,Eau06AI097,,D,M,,0,0,0,0,1,0,1,0,2,1;,00001010 1;,136,148,122,133,191,199,166,180,104,116,112,116,187,213,125,125,211,211,118,124,305,333,210,222,180,184,13
Eau07AI022,"Eau07AI136 (A, M)",Eau06AI114,,A,M,,0,0,0,0,1,1,0,0,2,1;,00001100 1;,122,138,133,139,193,197,166,178,0,0,116,116,0,0,125,127,199,210,118,124,305,308,0,0,172,172,10
Eau06AI048,,Eau07AI010,,B',M,,0,0,0,0,1,1,0,0,2,1;,00001100 1;,124,126,133,137,203,205,170,174,108,116,114,118,189,193,119,123,195,199,108,122,333,350,206,222,176,184,13
Eau09AI193,Eau09AI138 (C ),Eau07AI118; Eau08AI149,,C,M,,0,0,0,0,0,1,1,1,3,1;,00000111 1;,126,136,135,139,189,203,174,178,112,116,114,120,187,195,123,123,205,209,118,118,305,321,234,238,180,180,13
Eau06AI092,"Eau06AI072 (B+, M)",Eau07AI139,,B+,M,,0,0,0,0,1,1,0,0,2,1;,00001100 1;,134,142,133,133,199,199,174,178,116,116,110,116,187,225,121,125,195,205,108,120,317,317,206,222,0,0,12
Eau09AI167,,Eau07AI153,,B+,M,,0,0,0,0,0,1,0,1,2,1;,00000101 1;,124,126,133,137,195,199,174,174,116,116,110,116,199,241,123,125,205,209,118,124,301,333,234,238,180,184,13
Eau09AI064,,Eau07AI156,,A,M,,0,0,0,0,0,1,0,1,2,1;,00000101 1;,122,132,133,141,203,203,178,184,104,108,112,118,187,193,0,0,191,199,118,120,301,305,222,238,172,184,12
Eau09AI112,,Eau07AI159,,B+,M,,0,0,0,0,0,1,0,1,2,1;,00000101 1;,126,126,133,133,195,203,162,166,116,116,116,118,193,195,123,125,195,209,108,118,305,305,202,206,176,184,13
Eau09AI199,,Eau07AI177,,B+,M,,0,0,0,0,0,1,0,1,2,1;,00000101 1;,126,128,133,133,195,203,166,178,112,112,110,116,195,199,121,121,195,211,122,126,305,309,214,242,168,176,13
Eau09AI016,,Eau07AI182,,B+,M,,0,0,0,0,0,1,0,1,2,1;,00000101 1;,132,148,129,129,203,207,174,178,108,112,116,118,193,195,117,125,205,205,118,126,301,353,206,242,172,180,13
Eau09AI210,,Eau07AI184,,B+,M,,0,0,0,0,0,1,0,1,2,1;,00000101 1;,134,134,133,133,191,193,174,178,116,116,112,114,193,195,123,125,195,199,118,120,309,333,206,210,172,172,13
Eau09AI154,Eau09AI045 (B'),eau07AI220,,B',M,,0,0,0,0,0,1,0,1,2,1;,00000101 1;,126,126,122,135,199,205,166,166,108,120,116,118,193,193,125,125,195,211,118,126,317,317,222,242,168,172,13
Eau09AI143,,Eau07AI231; Eau08AI203,,D,M,,0,0,0,0,0,1,1,1,3,1;,00000111 1;,134,158,122,135,193,201,166,180,104,116,110,112,193,199,125,125,195,207,108,120,317,317,210,238,176,184,13
Eau09AI125,,Eau08AI004,,C,M,,0,0,0,0,0,0,1,1,2,1;,00000011 1;,126,126,122,129,193,203,166,178,112,112,114,116,187,195,117,125,197,205,118,124,301,329,210,238,172,172,13
Eau09AI089,,Eau08AI011,,D,M,,0,0,0,0,0,0,1,1,2,1;,00000011 1;,136,158,133,139,189,199,166,178,108,112,0,0,193,199,121,123,199,211,118,126,305,317,210,238,172,172,12
Eau09AI017,,Eau08AI018,,D,M,,0,0,0,0,0,0,1,1,2,1;,00000011 1;,134,140,131,131,191,199,162,166,104,120,114,114,189,195,121,125,195,209,106,120,305,305,222,242,168,176,13
Eau09AI098,,Eau08AI039,,D,M,,0,0,0,0,0,0,1,1,2,1;,00000011 1;,122,122,131,141,193,203,162,170,104,112,114,114,195,195,125,125,205,209,118,122,305,341,214,242,172,180,13
Eau09AI130,,Eau08AI056,,A,M,,0,0,0,0,0,0,1,1,2,1;,00000011 1;,122,122,135,135,201,207,166,178,112,116,112,116,193,193,123,125,211,211,118,122,308,309,238,242,172,180,13
Eau09AI087,,Eau08AI068,,A,M,,0,0,0,0,0,0,1,1,2,1;,00000011 1;,122,148,122,122,189,189,178,180,108,120,110,112,199,199,121,121,203,203,118,120,301,309,222,234,172,184,13
Eau09AI105,,Eau08AI165,,E,M,,0,0,0,0,0,0,1,1,2,1;,00000011 1;,124,138,133,133,199,207,174,174,116,116,110,114,187,187,121,125,195,205,118,124,317,317,222,250,180,180,13
Eau07AI115,,Eau08AI175,Eau97AI025,A,M,,0,0,1,0,0,1,1,0,3,1;,00100110 1;,126,130,122,135,201,201,162,166,120,120,114,118,189,193,123,123,201,205,118,120,313,317,0,0,176,180,12
Eau07AI233,"Eau07AI229 (B+, M)",Eau09AI044,,B+,M,,0,0,0,0,0,1,0,1,2,1;,00000101 1;,134,148,133,135,191,201,170,174,108,116,116,120,187,193,117,123,195,211,120,124,301,320,214,222,0,0,12
Eau97AI035,,Eau95AI028,,B+,M,,1,0,1,0,0,0,0,0,2,1;,10100000 1;,122,140,133,133,191,201,174,174,112,112,114,118,189,193,119,123,195,211,120,124,305,309,0,0,176,184,12
Eau98AI116,,Eau95AI057,,B+,M,,1,0,0,1,0,0,0,0,2,1;,10010000 1;,122,138,133,135,193,199,174,174,108,116,108,114,0,0,119,123,195,203,120,122,305,313,218,226,180,184,12
Eau97AI013,,Eau96AI002; Eau98AI014,,B+,M,,0,1,1,1,0,0,0,0,3,1;,01110000 1;,122,138,129,133,193,201,0,0,104,108,112,118,189,199,123,127,205,209,120,122,301,305,0,0,168,176,11
Eau95AI066,,Eau96AI005,,A,M,,1,1,0,0,0,0,0,0,2,1;,11000000 1;,130,132,135,141,203,203,166,174,112,116,114,114,187,195,117,123,197,201,120,120,305,325,202,242,172,184,13
Eau95AI013,,Eau96AI006,Eau08AI147,A,M,,1,1,0,0,0,0,1,0,3,1;,11000010 1;,122,126,133,135,201,207,166,186,112,112,114,116,187,193,123,125,195,211,0,0,308,308,206,242,172,176,12
Eau95AI034,,Eau96AI016,,B',M,,1,1,0,0,0,0,0,0,2,1;,11000000 1;,126,134,133,141,193,193,174,182,116,120,116,118,193,193,121,123,191,205,120,126,305,316,222,242,168,176,13
Eau95AI027,,Eau96AI023,,B+,M,,1,1,0,0,0,0,0,0,2,1;,11000000 1;,126,136,133,135,0,0,166,174,116,116,112,116,199,215,123,125,191,205,0,0,301,305,222,238,168,176,11
Eau98AI061,,Eau97AI015,,B',M,,0,0,1,1,0,0,0,0,2,1;,00110000 1;,136,148,131,139,189,193,166,178,116,120,106,114,193,225,121,123,203,211,122,124,305,320,206,238,172,176,13
Eau95AI009,,Eau97AI020,,PORHAP17,M,,1,0,1,0,0,0,0,0,2,1;,10100000 1;,134,136,129,131,199,199,166,166,112,116,116,120,0,0,123,125,207,209,0,0,305,305,218,218,180,184,11
Eau96AI028,,Eau97AI028,,B+,M,,0,1,1,0,0,0,0,0,2,1;,01100000 1;,122,126,122,133,189,191,178,180,0,0,112,116,193,199,121,127,195,203,118,120,301,309,214,222,172,184,12
Eau95AI006,,Eau97AI060,,B+,M,,1,0,1,0,0,0,0,0,2,1;,10100000 1;,122,126,133,137,191,205,166,178,112,116,108,112,193,195,125,125,205,209,0,0,305,309,214,222,180,180,12
Eau97AI004,,Eau98AI007,,B+,M,,0,0,1,1,0,0,0,0,2,1;,00110000 1;,132,146,131,133,201,203,170,178,104,112,110,116,193,195,125,125,195,211,108,118,305,353,242,242,176,184,13
Eau95AI008,,Eau98AI029,,A,M,,1,0,0,1,0,0,0,0,2,1;,10010000 1;,122,148,120,129,189,191,0,0,116,116,116,120,193,195,125,125,199,211,122,124,301,325,206,234,176,184,12
Eau96AI018,,Eau98AI034,,D,M,,0,1,0,1,0,0,0,0,2,1;,01010000 1;,126,134,129,135,199,205,170,170,108,112,112,116,193,227,123,125,209,209,118,124,305,309,202,206,172,176,13
Eau97AI033,,Eau98AI042,,B+,M,,0,0,1,1,0,0,0,0,2,1;,00110000 1;,128,146,133,133,191,199,174,178,112,112,112,114,193,231,121,125,203,211,118,120,329,353,206,222,168,184,13
Eau96AI019,,Eau98AI093,,B',M,,0,1,0,1,0,0,0,0,2,1;,01010000 1;,126,132,135,139,193,199,166,174,108,116,110,116,193,195,123,123,197,205,108,118,308,333,238,238,172,172,13
Eau97AI037,,Eau98AI133,,C,M,,0,0,1,1,0,0,0,0,2,1;,00110000 1;,124,138,133,133,189,199,166,178,116,116,110,116,187,217,125,125,195,207,118,124,301,329,206,222,176,180,13
Eau98AI101,,,Eau07AI020,A,M,,0,0,0,1,0,1,0,0,2,1;,00010100 1;,122,124,129,139,189,197,166,178,116,116,116,116,187,231,123,125,203,205,120,120,305,308,210,222,176,176,13
Eau08AI048,,,Eau97AI064; Eau98AI144,B',M,,0,0,1,1,0,0,1,0,3,1;,00110010 1;,122,122,129,133,197,203,174,178,112,116,116,116,187,195,123,125,195,211,120,124,301,305,206,234,168,176,13
Eau07AI120,,,Eau98AI055,A,M,,0,0,0,1,0,1,0,0,2,1;,00010100 1;,144,148,133,135,191,203,166,178,112,116,114,114,195,195,121,125,195,197,118,118,305,317,206,206,172,176,13
Eau08AI202,,,Eau98AI123,A,M,,0,0,0,1,0,0,1,0,2,1;,00010010 1;,126,142,133,133,199,203,174,178,112,112,0,0,189,231,123,125,207,211,118,120,301,333,222,234,176,180,12
Eau07AI063,,,Eau98AI147,A,M,,0,0,0,1,0,1,0,0,2,1;,00010100 1;,124,126,133,135,203,203,174,178,108,112,116,120,189,193,121,123,197,211,120,122,0,0,210,238,0,0,11
Eau06AI015,,,,B+,M,,0,0,0,0,1,0,0,0,1,1;,00001000 1;,126,132,133,133,193,207,178,178,112,116,114,118,193,231,121,125,209,211,120,122,301,305,206,222,176,184,13
Eau06AI017,,,,B',M,,0,0,0,0,1,0,0,0,1,1;,00001000 1;,122,126,137,141,187,203,174,174,112,120,116,118,187,187,123,123,191,209,124,126,0,0,210,234,172,184,12
Eau06AI019,,,,A,M,,0,0,0,0,1,0,0,0,1,1;,00001000 1;,126,126,129,129,195,203,166,178,108,112,114,120,195,199,117,123,205,205,120,126,301,301,0,0,172,176,12
Eau06AI030,"Eau06AI133 (C,M)",,,C,M,,0,0,0,0,1,0,0,0,1,1;,00001000 1;,126,134,137,141,193,203,174,178,112,116,110,118,193,199,123,123,205,211,108,126,301,308,206,206,172,184,13
Eau06AI031,,,,B',M,,0,0,0,0,1,0,0,0,1,1;,00001000 1;,126,126,129,133,199,203,166,170,108,112,112,120,193,195,117,123,195,197,122,122,0,0,234,238,168,172,12
Eau06AI032,,,,A,M,,0,0,0,0,1,0,0,0,1,1;,00001000 1;,126,130,0,0,191,201,166,178,108,112,112,116,195,199,117,125,195,211,118,118,301,317,206,206,176,180,12
Eau06AI033,,,,B+,M,,0,0,0,0,1,0,0,0,1,1;,00001000 1;,126,128,0,0,191,207,166,178,112,116,112,116,193,195,125,125,197,199,118,120,301,317,222,222,172,172,12
Eau06AI046,Eau06AI131,,,A,M,,0,0,0,0,1,0,0,0,1,1;,00001000 1;,132,148,133,137,201,203,166,170,108,116,118,118,195,245,117,123,197,211,118,124,309,345,206,234,172,172,13
Eau06AI055,,,,A,M,,0,0,0,0,1,0,0,0,1,1;,00001000 1;,122,126,0,0,201,207,166,178,104,108,114,120,199,199,123,125,195,199,106,124,301,317,222,238,172,172,12
Eau06AI056,"Eau06AI065 (A, M)",,,A,M,,0,0,0,0,1,0,0,0,1,1;,00001000 1;,126,144,129,133,203,207,166,174,116,116,114,114,187,199,117,119,191,209,106,118,301,309,218,234,172,176,13
Eau06AI057,,,,B+,M,,0,0,0,0,1,0,0,0,1,1;,00001000 1;,124,134,135,141,189,195,166,178,112,116,116,116,187,193,121,125,205,209,120,120,0,0,222,234,0,0,11
Eau06AI059,,,,A,M,,0,0,0,0,1,0,0,0,1,1;,00001000 1;,122,126,133,141,189,203,166,178,116,116,108,110,193,213,121,131,191,211,124,124,305,313,222,238,168,180,13
Eau06AI061,,,,A,M,,0,0,0,0,1,0,0,0,1,1;,00001000 1;,124,128,122,133,191,199,166,170,104,108,112,116,189,193,121,125,191,197,120,120,313,337,206,234,172,172,13
Eau06AI066,"Eau06AI036 (B', M)",,,B',M,,0,0,0,0,1,0,0,0,1,1;,00001000 1;,122,126,133,137,193,205,162,166,112,112,114,116,199,217,123,125,203,205,108,118,333,345,202,242,168,184,13
Eau06AI068,,,,B',M,,0,0,0,0,1,0,0,0,1,1;,00001000 1;,124,126,122,135,189,199,166,180,116,116,114,116,199,217,125,125,195,203,118,120,301,305,222,250,168,184,13
Eau06AI070,,,,B+,M,,0,0,0,0,1,0,0,0,1,1;,00001000 1;,136,136,131,133,191,191,178,178,104,112,112,112,189,195,125,125,195,207,120,124,301,305,206,230,0,0,12
Eau06AI079,,,,A,M,,0,0,0,0,1,0,0,0,1,1;,00001000 1;,122,122,141,141,197,203,166,184,104,116,110,116,187,195,123,125,205,210,118,124,305,308,222,222,172,172,13
Eau06AI081,"Eau06AI062 (B+, M)",,,B+,M,,0,0,0,0,1,0,0,0,1,1;,00001000 1;,144,144,131,133,195,203,178,178,112,120,118,120,0,0,123,125,205,207,118,120,0,0,206,238,172,176,11
Eau06AI082,,,,B+,M,,0,0,0,0,1,0,0,0,1,1;,00001000 1;,0,0,122,133,201,203,166,180,116,116,110,112,199,239,125,125,195,203,108,120,301,305,222,234,168,176,12
Eau06AI085,,,,A,M,,0,0,0,0,1,0,0,0,1,1;,00001000 1;,126,126,133,137,201,203,162,166,108,108,0,0,0,0,123,125,197,205,118,118,0,0,222,234,172,184,10
Eau06AI089,,,,A,M,,0,0,0,0,1,0,0,0,1,1;,00001000 1;,122,134,131,135,189,201,174,174,116,116,110,114,187,199,125,125,205,207,108,124,0,0,234,238,176,180,12
Eau06AI091,,,,D,M,,0,0,0,0,1,0,0,0,1,1;,00001000 1;,122,130,122,133,201,205,166,170,104,116,110,114,193,199,121,123,205,207,108,118,301,305,238,238,172,180,13
Eau06AI096,,,,A,M,,0,0,0,0,1,0,0,0,1,1;,00001000 1;,126,142,133,135,191,207,162,166,112,116,116,116,193,199,123,123,195,211,108,124,301,317,0,0,168,172,12
Eau06AI098,"Eau06AI104 (D,M)",,,D,M,,0,0,0,0,1,0,0,0,1,1;,00001000 1;,126,132,133,135,199,201,162,166,116,116,106,116,193,217,117,119,195,201,108,124,313,333,206,206,168,172,13
Eau06AI099,,,,A,M,,0,0,0,0,1,0,0,0,1,1;,00001000 1;,122,148,133,141,187,193,166,166,112,124,106,116,187,193,123,125,191,209,118,120,305,305,218,222,172,176,13
Eau06AI100,,,,B+,M,,0,0,0,0,1,0,0,0,1,1;,00001000 1;,126,126,133,133,187,191,178,178,112,112,112,116,195,195,123,125,203,207,118,124,305,305,234,238,176,180,13
Eau06AI101,,,,C,M,,0,0,0,0,1,0,0,0,1,1;,00001000 1;,126,136,129,133,199,199,174,178,116,116,110,118,193,193,119,125,199,201,108,118,301,305,222,222,172,184,13
Eau06AI102,,,,A,M,,0,0,0,0,1,0,0,0,1,1;,00001000 1;,130,132,131,133,189,207,174,174,112,116,110,110,187,195,125,125,205,211,108,120,305,329,0,0,172,176,12
Eau06AI107,,,,B+,M,,0,0,0,0,1,0,0,0,1,1;,00001000 1;,122,124,133,141,189,203,166,174,112,116,106,110,193,199,123,125,195,209,118,122,309,317,210,222,168,184,13
Eau06AI109,,,,B+,M,,0,0,0,0,1,0,0,0,1,1;,00001000 1;,126,148,0,0,191,207,0,0,104,116,112,118,195,231,125,125,195,211,120,124,305,305,222,222,176,184,11
Eau06AI110,,,,C,M,,0,0,0,0,1,0,0,0,1,1;,00001000 1;,122,134,135,139,201,207,178,178,116,116,116,120,187,195,125,125,205,211,118,124,301,305,210,222,172,184,13
Eau06AI111,,,,D,M,,0,0,0,0,1,0,0,0,1,1;,00001000 1;,0,0,133,133,197,203,162,178,108,112,114,116,193,199,121,125,209,209,118,122,329,345,0,0,176,180,11
Eau06AI112,,,,D,M,,0,0,0,0,1,0,0,0,1,1;,00001000 1;,126,126,133,141,201,203,178,178,104,116,114,114,193,195,125,127,195,205,118,126,305,333,210,218,172,172,13
Eau06AI115,,,,C,M,,0,0,0,0,1,0,0,0,1,1;,00001000 1;,124,138,122,122,193,195,178,178,108,116,114,116,193,193,123,125,195,197,118,118,301,301,206,218,168,172,13
Eau06AI116,,,,B+,M,,0,0,0,0,1,0,0,0,1,1;,00001000 1;,122,126,133,139,199,201,174,174,112,116,114,118,199,199,125,125,205,205,108,122,301,329,234,234,172,180,13
Eau06AI118,,,,A,M,,0,0,0,0,1,0,0,0,1,1;,00001000 1;,0,0,129,133,203,203,166,178,104,124,116,118,195,195,123,123,207,210,108,122,301,317,206,222,172,172,12
Eau06AI121,,,,B',M,,0,0,0,0,1,0,0,0,1,1;,00001000 1;,122,136,137,137,195,201,170,178,112,112,114,116,193,195,125,125,205,205,118,120,301,316,214,238,172,176,13
Eau06AI122,"Eau06AI073 (B+, M)",,,B+,M,,0,0,0,0,1,0,0,0,1,1;,00001000 1;,122,122,133,135,191,193,162,166,108,116,116,116,193,195,119,123,205,209,108,120,305,317,206,226,176,184,13
Eau06AI123,,,,A,M,,0,0,0,0,1,0,0,0,1,1;,00001000 1;,126,126,122,122,193,205,166,166,112,124,112,118,193,193,125,127,197,199,106,120,317,317,222,222,168,184,13
Eau06AI125,,,,D,M,,0,0,0,0,1,0,0,0,1,1;,00001000 1;,122,124,133,137,193,195,166,170,104,120,114,116,193,193,119,119,195,209,106,120,305,325,226,242,172,176,13
Eau06AI128,,,,B+,M,,0,0,0,0,1,0,0,0,1,1;,00001000 1;,126,140,122,133,201,205,178,180,108,112,118,120,193,245,0,0,197,205,108,122,305,333,0,0,180,184,11
Eau06AI130,,,,C,M,,0,0,0,0,1,0,0,0,1,1;,00001000 1;,122,142,129,133,193,201,178,178,108,120,114,114,193,199,123,125,207,209,118,124,309,309,222,238,176,180,13
Eau06AI132,,,,B+,M,,0,0,0,0,1,0,0,0,1,1;,00001000 1;,122,132,133,139,189,195,170,178,116,120,116,116,193,193,123,125,191,209,106,124,301,333,238,238,176,184,13
Eau06AI135,"Eau06AI136 (?, M)",,,A,M,,0,0,0,0,1,0,0,0,1,1;,00001000 1;,122,148,133,135,197,205,168,178,112,116,114,116,187,193,125,125,205,207,120,120,305,325,218,222,172,176,13
Eau06AI141,,,,D,M,,0,0,0,0,1,0,0,0,1,1;,00001000 1;,126,126,135,139,187,199,170,186,112,112,114,116,193,195,123,125,205,209,108,120,301,305,222,222,172,172,13
Eau07AI004,,,,PORHAP4,M,,0,0,0,0,0,1,0,0,1,1;,00000100 1;,140,148,133,133,203,203,166,170,104,104,112,114,0,0,121,125,205,209,122,126,301,301,0,0,180,184,11
Eau07AI005,,,,B',M,,0,0,0,0,0,1,0,0,1,1;,00000100 1;,126,136,131,137,193,203,166,174,112,116,116,120,193,195,123,125,197,205,108,122,305,312,234,238,176,180,13
Eau07AI007,,,,B+,M,,0,0,0,0,0,1,0,0,1,1;,00000100 1;,122,130,133,141,203,203,166,174,116,116,116,116,193,199,123,123,197,197,118,122,0,0,0,0,172,180,11
Eau07AI023,,,,B+,M,,0,0,0,0,0,1,0,0,1,1;,00000100 1;,126,142,122,139,199,203,166,170,116,116,114,114,187,187,123,125,203,205,108,108,301,305,222,238,172,172,13
Eau07AI030,,,,A,M,,0,0,0,0,0,1,0,0,1,1;,00000100 1;,126,128,129,133,189,197,166,174,108,124,114,118,193,199,0,0,195,205,118,120,301,337,210,222,180,188,12
Eau07AI031,,,,A,M,,0,0,0,0,0,1,0,0,1,1;,00000100 1;,140,148,133,139,189,199,166,178,108,112,0,0,187,189,121,125,197,211,118,120,305,305,206,238,168,176,12
Eau07AI034,"Eau07AI040 (B+, M)",,,B+,M,,0,0,0,0,0,1,0,0,1,1;,00000100 1;,126,128,133,133,189,203,170,178,116,116,116,116,0,0,119,123,205,205,118,120,320,329,222,238,172,176,12
Eau07AI035,"Eau07AI124 (A, M)",,,A,M,,0,0,0,0,0,1,0,0,1,1;,00000100 1;,122,122,133,137,189,193,174,178,104,124,114,116,195,231,123,125,197,211,120,126,305,305,218,218,176,176,13
Eau07AI036,,,,B+,M,,0,0,0,0,0,1,0,0,1,1;,00000100 1;,122,140,0,0,193,199,0,0,116,120,116,118,189,193,123,125,195,205,120,124,317,329,0,0,172,180,10
Eau07AI039,,,,B+,M,,0,0,0,0,0,1,0,0,1,1;,00000100 1;,126,132,133,133,195,203,170,178,116,124,114,116,187,193,123,125,203,211,108,118,317,317,210,218,168,180,13
Eau07AI046,,,,A,M,,0,0,0,0,0,1,0,0,1,1;,00000100 1;,0,0,133,133,189,201,170,170,104,112,114,118,195,231,123,125,203,211,118,126,305,305,206,238,176,188,12
Eau07AI051,,,,B+,M,,0,0,0,0,0,1,0,0,1,1;,00000100 1;,144,144,135,139,199,201,166,178,116,116,110,114,199,199,0,0,195,211,120,120,345,353,214,218,176,176,12
Eau07AI058,"Eau07AI178 (B+,M)",,,B+,M,,0,0,0,0,0,1,0,0,1,1;,00000100 1;,126,140,122,133,189,207,166,180,108,112,108,116,187,193,117,121,203,211,108,118,309,313,206,234,168,180,13
Eau07AI060,"Eau07AI061 (C,M)",,,C,M,,0,0,0,0,0,1,0,0,1,1;,00000100 1;,122,142,129,133,189,189,170,178,116,116,114,116,187,193,125,125,195,197,124,124,301,317,222,234,176,184,13
Eau07AI064,,,,B',M,,0,0,0,0,0,1,0,0,1,1;,00000100 1;,136,142,129,141,203,207,174,178,112,116,114,118,193,195,121,123,195,209,120,146,305,309,202,206,172,180,13
Eau07AI065,"Eau07AI132 (B+,M)",,,B+,M,,0,0,0,0,0,1,0,0,1,1;,00000100 1;,122,144,133,137,193,207,174,174,116,124,112,116,187,195,123,137,195,195,120,124,301,305,214,238,180,184,13
Eau07AI081,,,,D,M,,0,0,0,0,0,1,0,0,1,1;,00000100 1;,122,140,129,141,203,203,166,178,116,120,108,108,193,213,121,123,211,211,120,124,305,305,222,238,168,180,13
Eau07AI083,,,,B',M,,0,0,0,0,0,1,0,0,1,1;,00000100 1;,122,130,133,133,195,199,166,178,112,112,116,120,189,195,123,125,200,203,122,124,301,309,210,210,172,188,13
Eau07AI096,,,,B+,M,,0,0,0,0,0,1,0,0,1,1;,00000100 1;,132,136,131,133,193,203,166,178,112,116,112,114,0,0,119,123,203,209,120,122,305,305,206,206,172,176,12
Eau07AI097,,,,A,M,,0,0,0,0,0,1,0,0,1,1;,00000100 1;,122,148,133,135,189,201,166,182,116,116,112,116,193,195,123,125,195,211,0,0,0,0,206,206,0,0,10
Eau07AI103,,,,B',M,,0,0,0,0,0,1,0,0,1,1;,00000100 1;,132,146,131,137,195,207,170,174,112,116,112,114,199,215,125,125,195,209,108,120,301,333,206,222,176,176,13
Eau07AI105,,,,B',M,,0,0,0,0,0,1,0,0,1,1;,00000100 1;,132,158,133,133,193,199,174,178,116,120,0,0,193,199,123,127,203,209,108,108,329,333,202,210,168,168,12
Eau07AI106,,,,D,M,,0,0,0,0,0,1,0,0,1,1;,00000100 1;,132,140,135,137,195,195,170,180,104,112,112,114,193,195,125,127,195,205,120,120,301,305,238,238,172,172,13
Eau07AI110,"Eau07AI093 (B+,M)",,,B+,M,,0,0,0,0,0,1,0,0,1,1;,00000100 1;,126,128,122,133,195,201,166,178,112,124,112,116,193,195,123,125,195,203,118,120,317,329,218,238,168,184,13
Eau07AI113,,,,C,M,,0,0,0,0,0,1,0,0,1,1;,00000100 1;,130,136,129,139,193,193,166,178,0,0,114,118,193,193,121,125,199,211,118,120,305,305,222,222,172,176,12
Eau07AI119,,,,B+,M,,0,0,0,0,0,1,0,0,1,1;,00000100 1;,124,126,0,0,195,203,174,174,112,116,116,118,187,189,123,125,197,209,118,124,301,305,214,222,176,184,12
Eau07AI127,,,,n/a,M,,0,0,0,0,0,1,0,0,1,1;,00000100 1;,130,142,137,137,203,203,162,178,108,112,0,0,0,0,123,123,0,0,118,120,305,313,202,242,176,180,10
Eau07AI133,,,,A,M,,0,0,0,0,0,1,0,0,1,1;,00000100 1;,130,134,133,135,197,207,166,170,116,120,116,116,0,0,123,131,207,210,118,120,301,305,206,222,172,180,12
Eau07AI145,,,,C,M,,0,0,0,0,0,1,0,0,1,1;,00000100 1;,126,136,137,137,189,203,166,174,116,120,110,116,199,199,125,137,199,199,108,124,301,309,234,250,176,184,13
Eau07AI158,,,,B+,M,,0,0,0,0,0,1,0,0,1,1;,00000100 1;,124,140,120,133,189,189,166,180,112,120,112,118,193,193,121,123,205,205,108,124,305,309,222,238,168,180,13
Eau07AI160,,,,A,M,,0,0,0,0,0,1,0,0,1,1;,00000100 1;,126,140,129,137,189,201,166,178,108,120,108,112,193,195,121,125,210,211,118,120,301,305,222,238,172,176,13
Eau07AI161,"Eau07AI140 (A,M)",,,A,M,,0,0,0,0,0,1,0,0,1,1;,00000100 1;,122,148,135,137,201,203,166,178,116,116,116,116,193,197,121,123,195,199,118,120,301,305,222,226,176,184,13
Eau07AI162,,,,A,M,,0,0,0,0,0,1,0,0,1,1;,00000100 1;,134,142,137,137,203,203,174,174,112,112,114,116,195,221,123,125,205,209,120,120,301,345,206,214,176,180,13
Eau07AI165,"Eau07AI219 (A, M)",,,A,M,,0,0,0,0,0,1,0,0,1,1;,00000100 1;,126,136,135,141,187,203,166,166,116,120,106,116,193,199,123,125,205,205,108,122,301,305,238,238,168,172,13
Eau07AI168,"Eau07AI024 (B+,M)",,,B+,M,,0,0,0,0,0,1,0,0,1,1;,00000100 1;,0,0,129,133,195,203,166,170,108,116,112,120,187,193,125,125,197,210,118,118,320,333,222,238,184,184,12
Eau07AI176,,,,C,M,,0,0,0,0,0,1,0,0,1,1;,00000100 1;,134,138,133,133,199,201,166,182,116,116,114,116,193,199,121,125,191,195,108,124,0,0,218,222,168,176,12
Eau07AI183,,,,B+,M,,0,0,0,0,0,1,0,0,1,1;,00000100 1;,0,0,131,133,195,199,166,178,116,116,110,110,193,193,0,0,201,203,122,124,305,305,222,222,172,180,11
Eau07AI185,,,,A,M,,0,0,0,0,0,1,0,0,1,1;,00000100 1;,130,132,135,141,195,203,166,174,116,120,116,120,189,193,121,125,195,197,118,120,309,345,206,238,176,180,13
Eau07AI193,"Eau07AI151 (A,M)",,,A,M,,0,0,0,0,0,1,0,0,1,1;,00000100 1;,122,122,122,133,203,203,166,170,0,0,108,114,0,0,123,123,197,197,118,120,301,301,206,238,172,172,11
Eau07AI211,,,,B+,M,,0,0,0,0,0,1,0,0,1,1;,00000100 1;,0,0,122,135,189,203,170,174,112,116,114,120,187,225,123,125,205,209,108,118,305,320,234,238,172,180,12
Eau07AI224,,,,A,M,,0,0,0,0,0,1,0,0,1,1;,00000100 1;,126,128,122,133,193,201,166,178,104,120,110,116,195,195,123,125,195,199,108,126,317,329,206,222,184,184,13
Eau08AI008,,,,C,M,,0,0,0,0,0,0,1,0,1,1;,00000010 1;,146,158,122,133,189,203,170,174,112,116,0,0,193,195,123,123,205,211,120,122,309,321,234,234,172,184,12
Eau08AI019,,,,B',M,,0,0,0,0,0,0,1,0,1,1;,00000010 1;,122,140,122,135,193,205,170,180,112,112,108,116,195,199,117,121,195,205,118,120,305,305,214,234,172,172,13
Eau08AI034,,,,D,M,,0,0,0,0,0,0,1,0,1,1;,00000010 1;,144,144,137,141,193,203,166,178,104,116,110,114,187,199,123,125,187,199,122,124,301,309,206,222,172,184,13
Eau08AI037,,,,A,M,,0,0,0,0,0,0,1,0,1,1;,00000010 1;,130,134,131,141,191,203,162,170,116,120,112,116,189,213,121,125,209,209,108,120,305,309,210,222,172,176,13
Eau08AI042,,,,A,M,,0,0,0,0,0,0,1,0,1,1;,00000010 1;,122,126,129,133,193,203,166,174,108,116,110,112,189,193,123,125,197,205,118,122,301,317,222,222,172,172,13
Eau08AI046,Eau08AI028,,,B',M,,0,0,0,0,0,0,1,0,1,1;,00000010 1;,126,142,122,139,203,205,174,174,116,116,110,118,193,193,123,125,203,205,118,120,305,321,210,238,180,184,13
Eau08AI050,,,,B+,M,,0,0,0,0,0,0,1,0,1,1;,00000010 1;,122,126,137,139,193,207,174,178,112,116,106,118,0,0,117,123,195,209,122,122,305,320,210,238,168,168,12
Eau08AI059,,,,A,M,,0,0,0,0,0,0,1,0,1,1;,00000010 1;,122,134,133,141,199,203,174,186,112,112,110,114,193,199,123,125,207,209,108,146,309,320,202,222,168,176,13
Eau08AI060,,,,B+,M,,0,0,0,0,0,0,1,0,1,1;,00000010 1;,122,148,129,133,195,201,178,178,112,124,112,118,0,0,123,125,197,205,122,124,301,329,206,206,172,176,12
Eau08AI061,,,,C,M,,0,0,0,0,0,0,1,0,1,1;,00000010 1;,130,134,137,141,189,207,166,178,112,116,112,114,187,193,123,125,191,195,118,124,313,329,214,218,180,184,13
Eau08AI062,,,,A,M,,0,0,0,0,0,0,1,0,1,1;,00000010 1;,140,142,133,139,201,203,166,174,116,116,106,116,187,187,121,125,209,211,120,122,305,333,218,222,172,176,13
Eau08AI063,,,,B',M,,0,0,0,0,0,0,1,0,1,1;,00000010 1;,126,130,133,139,193,203,166,174,116,120,116,116,193,193,123,125,197,205,118,120,301,337,0,0,168,180,12
Eau08AI069,,,,D,M,,0,0,0,0,0,0,1,0,1,1;,00000010 1;,122,130,137,141,195,203,174,174,0,0,118,118,193,193,117,125,205,205,122,122,301,305,214,214,176,180,12
Eau08AI072,,,,A,M,,0,0,0,0,0,0,1,0,1,1;,00000010 1;,122,134,133,137,193,205,170,178,112,120,114,118,187,189,125,125,195,209,118,120,325,337,206,206,172,172,13
Eau08AI087,,,,B',M,,0,0,0,0,0,0,1,0,1,1;,00000010 1;,126,148,141,141,195,201,174,178,112,116,114,118,187,193,117,121,191,209,122,126,301,317,206,210,176,184,13
Eau08AI095,,,,C,M,,0,0,0,0,0,0,1,0,1,1;,00000010 1;,126,142,122,137,189,203,174,178,0,0,110,118,193,193,123,123,205,211,108,118,308,317,0,0,168,184,11
Eau08AI109,"Eau08AI040 (B+,M) & Eau08AI156 (B+,M) & Eau08AI157 (B+,M)",,,B+,M,,0,0,0,0,0,0,1,0,1,1;,00000010 1;,124,148,129,133,195,201,166,166,112,120,110,116,189,199,117,125,195,207,118,118,305,317,222,234,176,176,13
Eau08AI113,,,,B+,M,cow,0,0,0,0,0,0,1,0,1,1;,00000010 1;,130,136,135,135,193,193,178,186,112,116,114,116,189,189,123,123,195,205,118,122,301,329,222,222,176,176,13
Eau08AI124,,,,A,M,,0,0,0,0,0,0,1,0,1,1;,00000010 1;,0,0,122,135,0,0,166,178,108,116,114,120,187,213,123,125,211,211,108,120,301,309,210,238,168,180,11
Eau08AI125,,,,B+,M,,0,0,0,0,0,0,1,0,1,1;,00000010 1;,0,0,133,141,189,193,170,178,104,112,116,118,189,193,121,123,191,201,122,126,305,333,234,234,176,180,12
Eau08AI127,"Eau08AI064 (?,M)",,,D,M,,0,0,0,0,0,0,1,0,1,1;,00000010 1;,124,136,133,133,203,203,178,178,116,116,114,116,0,0,123,125,199,205,118,118,333,333,218,238,172,176,12
Eau08AI128,,,,C,M,,0,0,0,0,0,0,1,0,1,1;,00000010 1;,126,126,133,141,193,203,170,174,116,116,106,112,0,0,123,123,209,211,120,146,305,320,202,210,168,180,12
Eau08AI130,,,,D,M,,0,0,0,0,0,0,1,0,1,1;,00000010 1;,126,132,131,133,189,199,162,170,104,108,116,120,193,193,123,125,191,199,122,124,305,313,222,234,168,172,13
Eau08AI132,,,,A,M,,0,0,0,0,0,0,1,0,1,1;,00000010 1;,136,136,133,137,193,203,174,178,104,112,112,118,195,195,123,125,205,210,118,126,333,341,0,0,172,176,12
Eau08AI142,,,,B+,M,,0,0,0,0,0,0,1,0,1,1;,00000010 1;,126,142,133,133,195,203,178,178,112,116,116,116,209,225,123,123,205,211,118,122,305,313,214,222,176,184,13
Eau08AI148,,,,B+,M,,0,0,0,0,0,0,1,0,1,1;,00000010 1;,122,126,129,135,191,199,0,0,112,116,116,118,189,195,125,125,209,209,108,124,301,309,0,0,180,180,11
Eau08AI170,,,,B+,M,cow,0,0,0,0,0,0,1,0,1,1;,00000010 1;,126,146,133,137,195,203,174,178,112,116,0,0,187,215,121,125,195,205,118,120,308,320,238,238,172,176,12
Eau08AI178,,,,A,M,cow,0,0,0,0,0,0,1,0,1,1;,00000010 1;,126,142,133,141,193,201,162,166,108,116,112,116,193,195,125,125,195,205,118,120,301,305,222,238,176,184,13
Eau08AI185,,,,B+,M,,0,0,0,0,0,0,1,0,1,1;,00000010 1;,126,140,131,133,189,193,174,174,116,120,108,112,187,215,123,125,203,210,108,120,309,317,222,250,168,172,13
Eau08AI186,,,,B',M,,0,0,0,0,0,0,1,0,1,1;,00000010 1;,128,136,129,137,189,207,166,186,112,116,0,0,193,193,125,125,205,210,118,122,301,333,0,0,168,172,11
Eau08AI197,,,,B',M,cow,0,0,0,0,0,0,1,0,1,1;,00000010 1;,122,148,133,133,193,193,166,174,116,124,0,0,195,233,123,125,195,195,120,120,301,301,206,238,172,184,12
Eau08AI199,,,,C,M,,0,0,0,0,0,0,1,0,1,1;,00000010 1;,124,126,122,133,201,203,166,170,116,116,108,116,193,195,125,131,205,211,118,118,313,317,206,222,168,180,13
Eau08AI201,,,,N/A,M,,0,0,0,0,0,0,1,0,1,1;,00000010 1;,140,142,133,133,189,195,162,166,112,112,0,0,187,231,123,125,195,195,118,122,305,317,206,238,176,184,12
Eau09AI002,,,,B',M,,0,0,0,0,0,0,0,1,1,1;,00000001 1;,134,136,135,139,193,201,174,174,116,116,110,120,187,193,123,123,207,211,118,120,305,317,210,222,176,180,13
Eau09AI008,,,,B',M,,0,0,0,0,0,0,0,1,1,1;,00000001 1;,0,0,133,137,195,205,166,170,112,116,110,114,193,199,121,123,195,205,118,118,301,308,206,238,168,176,12
Eau09AI021,Eau09AI090 (D),,,D,M,,0,0,0,0,0,0,0,1,1,1;,00000001 1;,126,158,135,139,187,201,174,178,112,116,114,120,189,195,121,131,203,207,120,126,301,313,210,210,172,180,13
Eau09AI023,,,,B+,M,,0,0,0,0,0,0,0,1,1,1;,00000001 1;,124,124,133,141,189,199,166,178,112,116,108,114,193,195,125,131,195,211,118,122,301,313,206,218,168,184,13
Eau09AI028,,,,B',M,,0,0,0,0,0,0,0,1,1,1;,00000001 1;,126,126,129,141,201,203,166,178,112,116,114,116,195,199,123,125,199,205,108,118,317,333,202,222,168,180,13
Eau09AI037,,,,B',M,,0,0,0,0,0,0,0,1,1,1;,00000001 1;,122,128,135,141,191,195,166,178,116,116,114,118,187,195,121,123,195,211,108,124,305,317,214,222,168,172,13
Eau09AI039,,,,B',M,cow or calf,0,0,0,0,0,0,0,1,1,1;,00000001 1;,126,142,122,129,195,205,178,180,116,120,114,118,199,199,123,125,195,203,118,124,317,333,222,242,168,180,13
Eau09AI054,,,,B+,M,,0,0,0,0,0,0,0,1,1,1;,00000001 1;,126,148,133,137,193,203,162,178,104,108,106,114,187,189,125,125,197,205,108,118,317,317,234,238,172,172,13
Eau09AI060,,,,B',M,,0,0,0,0,0,0,0,1,1,1;,00000001 1;,122,144,137,139,189,203,170,174,104,116,116,116,193,195,119,123,197,207,120,124,301,305,222,238,168,172,13
Eau09AI070,,,,B+,M,,0,0,0,0,0,0,0,1,1,1;,00000001 1;,134,148,133,141,203,203,166,174,108,120,114,120,189,243,123,123,205,205,120,124,301,329,222,234,172,184,13
Eau09AI077,,,,B',M,,0,0,0,0,0,0,0,1,1,1;,00000001 1;,126,148,129,133,195,205,178,178,112,116,112,116,195,199,123,125,205,205,120,124,301,329,206,206,172,176,13
Eau09AI080,Eau09AI015,,,A,M,,0,0,0,0,0,0,0,1,1,1;,00000001 1;,130,136,133,139,203,203,166,174,116,120,114,120,193,195,123,125,197,209,118,118,305,309,206,242,172,180,13
Eau09AI085,,,,B+,M,,0,0,0,0,0,0,0,1,1,1;,00000001 1;,130,138,133,137,195,207,174,178,104,108,110,112,189,193,117,137,209,211,108,124,309,333,202,242,172,184,13
Eau09AI091,,,,B+,M,,0,0,0,0,0,0,0,1,1,1;,00000001 1;,126,148,135,139,201,207,0,0,112,116,114,116,189,219,123,125,0,0,120,122,301,305,210,238,172,172,11
Eau09AI097,,,,A,M,,0,0,0,0,0,0,0,1,1,1;,00000001 1;,126,148,137,141,193,199,178,178,108,116,114,118,189,199,119,125,199,205,122,122,305,317,238,242,168,180,13
Eau09AI101,,,,B',M,,0,0,0,0,0,0,0,1,1,1;,00000001 1;,122,136,129,133,195,201,162,178,108,116,114,116,187,199,123,123,205,205,122,122,301,313,222,222,168,172,13
Eau09AI102,,,,A,M,,0,0,0,0,0,0,0,1,1,1;,00000001 1;,122,122,133,133,195,201,174,178,112,112,114,116,189,199,123,123,201,211,120,124,305,317,206,242,168,168,13
Eau09AI103,,,,A,M,,0,0,0,0,0,0,0,1,1,1;,00000001 1;,126,146,133,133,199,201,166,174,112,112,114,120,193,227,123,125,205,211,118,118,305,305,202,222,176,180,13
Eau09AI113,Eau09AI046 (B+),,,B+,M,,0,0,0,0,0,0,0,1,1,1;,00000001 1;,122,126,133,133,203,205,174,178,108,116,114,120,193,209,123,125,201,209,118,122,317,337,210,210,180,180,13
Eau09AI115,,,,A,M,,0,0,0,0,0,0,0,1,1,1;,00000001 1;,132,138,135,135,203,203,166,166,112,116,116,120,187,189,117,125,197,205,108,118,301,301,238,238,176,176,13
Eau09AI116,,,,B+,M,,0,0,0,0,0,0,0,1,1,1;,00000001 1;,122,124,133,137,195,203,174,178,108,108,116,120,193,195,121,123,197,199,120,122,321,337,202,238,176,180,13
Eau09AI119,,,,B+,M,,0,0,0,0,0,0,0,1,1,1;,00000001 1;,126,148,133,133,201,207,162,178,108,112,112,114,195,231,123,123,207,211,120,124,309,353,242,242,176,176,13
Eau09AI121,,,,A,M,,0,0,0,0,0,0,0,1,1,1;,00000001 1;,122,126,133,141,203,203,166,178,108,112,114,116,0,0,123,125,197,211,118,118,301,345,222,242,168,176,12
Eau09AI123,Eau09AI124 (B+),,,B+,M,,0,0,0,0,0,0,0,1,1,1;,00000001 1;,126,140,122,133,191,195,170,186,116,116,110,112,193,193,123,127,203,207,118,118,305,329,202,238,172,176,13
Eau09AI133,,,,A,M,,0,0,0,0,0,0,0,1,1,1;,00000001 1;,130,148,131,135,191,201,174,178,104,116,116,118,193,195,123,125,195,201,118,122,305,308,226,242,172,176,13
Eau09AI136,,,,D,M,,0,0,0,0,0,0,0,1,1,1;,00000001 1;,124,126,131,141,199,207,170,174,116,124,114,116,193,199,125,125,205,211,108,108,316,333,206,238,168,172,13
Eau09AI139,Eau09AI206 (C ) & Eau09AI209 (C ),,,C,M,cow,0,0,0,0,0,0,0,1,1,1;,00000001 1;,124,148,129,141,197,203,174,178,108,112,114,116,187,193,125,131,199,211,124,124,301,305,222,222,168,184,13
Eau09AI144,Eau09AI009 (A),,,A,M,,0,0,0,0,0,0,0,1,1,1;,00000001 1;,122,144,133,137,193,195,166,166,116,120,110,114,193,209,123,127,205,207,108,122,301,305,206,214,176,180,13
Eau09AI148,,,,A,M,,0,0,0,0,0,0,0,1,1,1;,00000001 1;,124,132,133,141,195,203,166,166,112,112,114,116,193,193,121,123,195,211,118,120,305,317,202,242,172,184,13
Eau09AI150,,,,A,M,,0,0,0,0,0,0,0,1,1,1;,00000001 1;,122,124,120,141,199,203,166,178,108,116,118,120,187,231,121,125,191,191,118,124,301,313,218,234,168,176,13
Eau09AI152,,,,A,M,,0,0,0,0,0,0,0,1,1,1;,00000001 1;,126,148,141,141,189,193,170,178,108,116,116,118,193,193,125,127,203,210,108,124,309,309,210,222,184,184,13
Eau09AI165,Eau09AI166 (B+) & Eau09AI106,,,B+,M,,0,0,0,0,0,0,0,1,1,1;,00000001 1;,138,144,133,141,193,207,162,166,112,116,112,116,187,193,121,125,209,209,120,120,301,305,234,238,176,184,13
Eau09AI168,,,,B+,M,,0,0,0,0,0,0,0,1,1,1;,00000001 1;,122,132,133,133,203,205,178,186,112,120,116,118,189,195,123,125,205,211,120,120,317,329,222,222,168,180,13
Eau09AI178,,,,B+,M,,0,0,0,0,0,0,0,1,1,1;,00000001 1;,132,142,133,133,203,203,174,178,112,116,110,120,187,195,125,125,205,211,108,120,317,329,222,238,180,180,13
Eau09AI181,,,,A,M,,0,0,0,0,0,0,0,1,1,1;,00000001 1;,134,136,133,141,187,197,174,178,124,124,112,116,193,199,123,125,195,205,118,118,305,313,210,238,172,172,13
Eau09AI182,Eau09AI192 (D),,,D,M,,0,0,0,0,0,0,0,1,1,1;,00000001 1;,122,136,133,133,0,0,178,178,0,0,114,118,189,195,125,125,201,205,108,122,333,345,222,222,172,172,11
Eau09AI186,,,,B',M,,0,0,0,0,0,0,0,1,1,1;,00000001 1;,126,126,135,141,193,201,162,166,112,116,116,118,193,193,123,123,191,197,108,120,313,317,206,242,172,180,13
Eau09AI191,,,,A,M,,0,0,0,0,0,0,0,1,1,1;,00000001 1;,122,142,135,139,187,203,166,174,108,112,116,120,193,225,123,125,203,209,118,118,301,305,234,238,168,172,13
Eau09AI196,,,,A,M,,0,0,0,0,0,0,0,1,1,1;,00000001 1;,124,142,135,141,203,203,166,178,108,108,110,112,193,199,123,123,200,211,124,156,301,317,206,238,172,184,13
Eau09AI197,,,,B+,M,,0,0,0,0,0,0,0,1,1,1;,00000001 1;,122,126,133,135,191,201,166,178,116,116,112,114,193,193,125,125,199,199,118,120,325,333,206,222,172,180,13
Eau09AI198,,,,A,M,,0,0,0,0,0,0,0,1,1,1;,00000001 1;,142,148,133,137,201,203,166,170,116,116,110,118,195,199,123,125,205,211,118,124,301,345,222,238,176,184,13
Eau09AI200,,,,B',M,,0,0,0,0,0,0,0,1,1,1;,00000001 1;,136,148,135,137,193,207,166,174,104,116,114,118,195,213,123,125,211,211,122,126,301,309,210,242,176,180,13
Eau09AI203,Eau09AI211 (C ),,,C,M,,0,0,0,0,0,0,0,1,1,1;,00000001 1;,126,130,133,135,195,203,166,178,112,120,116,120,193,231,123,125,197,205,118,122,301,329,238,242,180,184,13
Eau09AI207,,,,B',M,,0,0,0,0,0,0,0,1,1,1;,00000001 1;,124,132,133,133,189,203,166,178,116,116,110,114,199,239,123,125,195,211,108,118,305,329,206,238,172,184,13
Eau09AI212,,,,D,M,,0,0,0,0,0,0,0,1,1,1;,00000001 1;,122,132,133,135,191,201,166,186,112,116,114,114,187,193,125,125,195,195,120,122,301,308,222,242,172,172,13
Eau09AI214,,,,A,M,,0,0,0,0,0,0,0,1,1,1;,00000001 1;,126,128,129,133,189,203,174,182,116,116,110,118,189,193,123,123,195,205,108,108,301,305,206,222,172,180,13
Eau09AI219,,,,A,M,,0,0,0,0,0,0,0,1,1,1;,00000001 1;,122,142,133,133,187,199,162,166,108,112,110,116,187,233,125,125,197,197,120,124,301,337,206,210,168,172,13
Eau09AI220,,,,D,M,,0,0,0,0,0,0,0,1,1,1;,00000001 1;,122,132,135,141,191,203,170,184,104,116,110,112,189,193,123,125,199,205,108,118,305,305,222,242,172,172,13
Eau09AI224,,,,B+,M,,0,0,0,0,0,0,0,1,1,1;,00000001 1;,122,136,133,141,199,207,174,178,108,112,116,118,193,199,121,123,195,205,122,124,301,301,206,250,172,176,13
Eau09AI226,,,,B',M,,0,0,0,0,0,0,0,1,1,1;,00000001 1;,136,142,129,133,199,201,174,178,116,116,110,118,193,193,123,123,195,205,118,120,305,305,206,206,172,172,13
Eau09AI229,,,,B+,M,,0,0,0,0,0,0,0,1,1,1;,00000001 1;,122,126,133,141,189,193,174,178,116,116,114,116,187,193,121,123,199,205,118,120,309,333,0,0,172,172,12
Eau09AI230,,,,B+,M,,0,0,0,0,0,0,0,1,1,1;,00000001 1;,136,140,131,135,199,199,174,178,112,120,108,114,193,195,123,131,205,211,120,120,305,317,214,238,172,184,13
Eau09AI231,,,,D,M,,0,0,0,0,0,0,0,1,1,1;,00000001 1;,126,144,122,129,193,203,162,166,112,120,110,118,193,193,119,125,197,205,118,118,301,309,206,238,180,184,13
Eau09AI236,,,,D,M,,0,0,0,0,0,0,0,1,1,1;,00000001 1;,126,130,133,133,191,193,170,170,116,120,116,118,187,199,119,127,197,210,118,120,301,316,234,242,172,176,13
Eau09AI241,Eau09AI145,,,A,M,,0,0,0,0,0,0,0,1,1,1;,00000001 1;,124,148,131,133,189,207,162,174,112,116,106,116,199,231,123,123,191,211,122,126,317,333,206,238,176,176,13
Eau09AI243,,,,A,M,,0,0,0,0,0,0,0,1,1,1;,00000001 1;,126,140,122,141,199,207,166,174,112,112,110,112,193,199,123,125,209,211,120,120,301,317,206,242,176,180,13
Eau09AI248,,,,A,M,,0,0,0,0,0,0,0,1,1,1;,00000001 1;,126,142,133,135,203,207,166,180,108,116,116,116,189,193,123,125,197,201,108,118,301,337,202,242,172,180,13
Eau95AI004,,,,C,M,,1,0,0,0,0,0,0,0,1,1;,10000000 1;,122,122,135,141,189,199,174,178,112,112,106,114,193,193,121,125,195,203,122,126,301,301,234,238,176,184,13
Eau95AI010,,,,C,M,,1,0,0,0,0,0,0,0,1,1;,10000000 1;,124,142,122,139,189,189,178,182,112,116,106,110,193,193,125,125,211,211,0,0,301,317,206,210,180,184,12
Eau95AI014,,,,A,M,,1,0,0,0,0,0,0,0,1,1;,10000000 1;,126,148,135,141,193,203,166,170,112,116,116,116,187,193,125,125,197,197,0,0,301,301,0,0,180,184,11
Eau95AI015,,,,D,M,,1,0,0,0,0,0,0,0,1,1;,10000000 1;,122,128,131,133,191,205,170,178,112,116,108,116,189,189,121,123,195,201,0,0,316,320,222,234,172,172,12
Eau95AI016,,,,D,M,,1,0,0,0,0,0,0,0,1,1;,10000000 1;,140,158,122,135,191,201,170,180,116,116,110,112,187,193,125,127,207,209,118,120,305,317,206,234,176,176,13
Eau95AI019,,,,B+,M,,1,0,0,0,0,0,0,0,1,1;,10000000 1;,126,142,133,133,195,203,166,174,112,112,112,114,0,0,125,125,207,209,118,118,309,329,234,238,168,168,12
Eau95AI024,,,,A,M,,1,0,0,0,0,0,0,0,1,1;,10000000 1;,122,126,135,141,199,203,162,170,116,116,116,120,0,0,125,129,197,205,106,124,308,341,222,250,176,184,12
Eau95AI033,,,,A,M,,1,0,0,0,0,0,0,0,1,1;,10000000 1;,124,126,133,135,199,207,166,174,116,116,110,114,193,193,123,125,205,211,108,118,301,320,222,222,172,176,13
Eau95AI035,,,,B+,M,,1,0,0,0,0,0,0,0,1,1;,10000000 1;,140,158,133,135,195,199,166,178,104,120,108,112,193,197,127,127,203,210,0,0,320,329,210,238,168,176,12
Eau95AI036,Eau95AI046,,,B+,M,,1,0,0,0,0,0,0,0,1,1;,10000000 1;,140,146,122,133,199,205,166,180,112,112,108,110,193,199,123,123,205,205,0,0,309,333,214,214,168,180,12
Eau95AI038,Eau95AI012,,,A,M,38 F (NP),1,0,0,0,0,0,0,0,1,1;,10000000 1;,122,130,120,122,201,205,174,178,112,116,108,114,193,217,125,125,205,205,108,122,308,308,214,226,172,180,13
Eau95AI039,,,,B+,M,,1,0,0,0,0,0,0,0,1,1;,10000000 1;,126,136,133,133,191,203,178,178,112,116,112,120,193,225,123,127,205,209,120,122,301,305,218,238,172,176,13
Eau95AI044,,,,B+,M,,1,0,0,0,0,0,0,0,1,1;,10000000 1;,126,130,122,141,195,203,174,174,108,112,114,116,193,193,121,125,197,201,108,124,301,305,238,238,180,184,13
Eau95AI048,,,,B+,M,,1,0,0,0,0,0,0,0,1,1;,10000000 1;,0,0,129,135,191,203,174,178,116,116,116,118,187,193,123,125,199,210,106,118,320,337,206,222,172,180,12
Eau95AI050,,,,A,M,,1,0,0,0,0,0,0,0,1,1;,10000000 1;,134,144,133,137,195,203,166,178,112,120,118,118,189,233,125,125,195,211,0,0,305,313,214,222,168,176,12
Eau95AI052,,,,A,M,,1,0,0,0,0,0,0,0,1,1;,10000000 1;,126,132,131,133,199,203,174,174,116,116,110,120,193,193,123,125,203,203,0,0,305,308,234,234,168,172,12
Eau95AI053,,,,D,M,,1,0,0,0,0,0,0,0,1,1;,10000000 1;,132,136,133,135,199,203,170,178,116,120,112,114,195,195,125,125,205,209,0,0,305,333,234,238,180,180,12
Eau95AI056,,,,A,M,,1,0,0,0,0,0,0,0,1,1;,10000000 1;,118,122,133,137,187,199,170,170,112,112,114,114,0,0,119,123,195,209,0,0,305,329,226,242,176,176,11
Eau95AI062,,,,A,M,,1,0,0,0,0,0,0,0,1,1;,10000000 1;,122,146,133,133,189,201,166,174,112,112,110,114,193,195,117,125,191,205,118,118,301,333,234,234,172,172,13
Eau95AI063,,,,D,M,,1,0,0,0,0,0,0,0,1,1;,10000000 1;,132,148,129,135,203,203,178,186,112,120,120,120,0,0,117,121,197,199,0,0,301,305,242,242,172,180,11
Eau96AI001,,,,B',M,,0,1,0,0,0,0,0,0,1,1;,01000000 1;,126,136,131,139,191,205,166,174,112,116,106,114,0,0,123,125,0,0,0,0,321,329,222,238,172,176,10
Eau96AI003,Eau96AI012,,,A,M,,0,1,0,0,0,0,0,0,1,1;,01000000 1;,122,124,133,137,189,203,178,182,104,112,116,116,199,225,121,123,209,211,122,124,301,308,222,238,172,176,13
Eau96AI004,,,,C,M,,0,1,0,0,0,0,0,0,1,1;,01000000 1;,134,136,131,139,195,201,162,166,116,116,114,116,195,215,123,125,195,197,0,0,305,313,222,238,172,176,12
Eau96AI009,,,,A,M,,0,1,0,0,0,0,0,0,1,1;,01000000 1;,122,148,120,133,201,201,166,178,116,116,114,114,193,195,125,125,199,211,120,122,301,325,206,222,180,180,13
Eau96AI010,,,,B+,M,,0,1,0,0,0,0,0,0,1,1;,01000000 1;,122,142,129,137,189,203,174,178,116,116,114,118,187,217,121,125,199,205,120,122,301,308,206,206,180,180,13
Eau96AI024,,,,B+,M,,0,1,0,0,0,0,0,0,1,1;,01000000 1;,122,148,122,133,195,197,166,166,116,120,114,116,187,187,123,125,203,211,118,122,305,317,206,222,168,172,13
Eau96AI025,,,,A,M,,0,1,0,0,0,0,0,0,1,1;,01000000 1;,126,126,137,137,193,203,162,178,108,116,112,116,193,195,119,125,209,210,118,118,301,309,238,238,172,172,13
Eau96AI037,,,,B+,M,,0,1,0,0,0,0,0,0,1,1;,01000000 1;,130,148,131,137,0,0,162,174,112,116,112,114,187,193,123,127,195,197,118,124,301,316,0,0,176,180,11
Eau96AI038,,,,PorHap4,M,,0,1,0,0,0,0,0,0,1,1;,01000000 1;,126,140,133,139,0,0,166,174,104,112,116,120,189,233,125,125,191,197,122,124,301,305,206,222,176,176,12
Eau96AI039,,,,B+,M,,0,1,0,0,0,0,0,0,1,1;,01000000 1;,124,148,133,137,0,0,166,166,108,116,110,118,189,193,0,0,195,205,124,126,308,320,206,222,176,184,11
Eau96AI040,,,,A,M,,0,1,0,0,0,0,0,0,1,1;,01000000 1;,122,132,0,0,0,0,162,168,116,124,0,0,187,199,117,123,191,197,118,124,313,333,238,250,172,184,10
Eau96AI041,,,,D,M,,0,1,0,0,0,0,0,0,1,1;,01000000 1;,122,138,131,131,195,201,170,174,116,124,114,114,187,195,123,125,197,207,118,124,309,333,242,242,172,176,13
Eau96AI042,,,,D,M,,0,1,0,0,0,0,0,0,1,1;,01000000 1;,122,148,122,133,201,201,166,170,112,120,116,116,193,195,123,125,197,207,120,122,301,333,0,0,172,172,12
Eau97AI003,Eau97AI009,,,B',M,,0,0,1,0,0,0,0,0,1,1;,00100000 1;,126,138,133,141,199,201,166,174,112,116,116,116,193,195,125,125,191,197,122,126,305,313,206,238,168,176,13
Eau97AI007,,,,A,M,,0,0,1,0,0,0,0,0,1,1;,00100000 1;,122,124,131,133,191,203,174,178,108,116,112,116,189,195,0,0,191,205,108,120,301,301,214,214,176,184,12
Eau97AI011,,,,D,M,,0,0,1,0,0,0,0,0,1,1;,00100000 1;,122,126,0,0,201,203,0,0,112,116,118,118,195,215,121,125,205,209,120,122,308,345,222,222,184,184,11
Eau97AI016,,,,A,M,,0,0,1,0,0,0,0,0,1,1;,00100000 1;,126,146,141,141,193,207,0,0,108,116,0,0,193,215,123,123,197,205,116,120,0,0,206,206,172,180,10
Eau97AI021,,,,B+,M,,0,0,1,0,0,0,0,0,1,1;,00100000 1;,122,124,133,141,203,207,166,178,0,0,0,0,187,187,121,121,205,211,108,122,301,329,206,238,168,176,11
Eau97AI027,,,,A,M,,0,0,1,0,0,0,0,0,1,1;,00100000 1;,126,138,131,133,195,199,170,178,104,116,110,112,189,195,117,125,205,209,120,124,301,309,206,242,180,184,13
Eau97AI032,,,,B+,M,F - NP,0,0,1,0,0,0,0,0,1,1;,00100000 1;,122,124,133,139,195,205,178,178,116,120,112,116,193,237,123,127,195,203,120,122,305,325,206,226,176,176,13
Eau97AI034,,,,C,M,,0,0,1,0,0,0,0,0,1,1;,00100000 1;,122,138,137,137,193,205,174,178,116,116,118,120,189,193,121,123,199,205,0,0,309,329,214,214,0,0,11
Eau97AI036,,,,A,M,,0,0,1,0,0,0,0,0,1,1;,00100000 1;,126,136,133,139,195,199,166,178,116,116,0,0,0,0,123,125,205,205,120,124,301,301,0,0,172,180,10
Eau97AI041,,,,B+,M,,0,0,1,0,0,0,0,0,1,1;,00100000 1;,126,136,0,0,191,199,162,166,0,0,116,116,187,231,121,125,203,205,118,124,305,320,238,238,176,188,11
Eau97AI045,,,,A,M,,0,0,1,0,0,0,0,0,1,1;,00100000 1;,124,126,0,0,189,189,162,166,116,120,110,112,195,195,121,125,211,211,120,124,313,353,238,238,176,184,12
Eau97AI046,,,,B+,M,,0,0,1,0,0,0,0,0,1,1;,00100000 1;,140,144,133,135,201,207,166,174,116,116,112,114,187,199,121,137,195,211,120,120,305,345,214,238,176,180,13
Eau97AI047,,,,B+,M,,0,0,1,0,0,0,0,0,1,1;,00100000 1;,122,126,133,133,197,203,162,178,0,0,112,114,193,195,125,125,199,209,108,122,301,317,210,222,172,180,12
Eau97AI048,Eau97AI058,,,A,M,,0,0,1,0,0,0,0,0,1,1;,00100000 1;,134,136,133,135,199,199,170,174,116,116,112,114,193,199,123,125,195,205,108,120,301,301,222,238,172,176,13
Eau97AI051,,,,B+,M,,0,0,1,0,0,0,0,0,1,1;,00100000 1;,126,128,133,141,0,0,174,178,112,120,110,112,195,231,123,125,203,211,118,118,305,309,214,214,176,184,12
Eau97AI053,Eau97AI055,,,C,M,,0,0,1,0,0,0,0,0,1,1;,00100000 1;,126,130,122,135,0,0,178,182,116,116,116,120,193,213,121,125,195,197,124,124,301,308,218,238,172,184,12
Eau97AI062,,,,A,M,,0,0,1,0,0,0,0,0,1,1;,00100000 1;,130,148,135,137,0,0,0,0,112,120,0,0,187,189,123,125,195,209,124,146,301,333,0,0,172,176,9
Eau97AI065,Eau97AI059,,,C,M,JUV,0,0,1,0,0,0,0,0,1,1;,00100000 1;,132,138,133,141,199,207,166,178,112,116,110,114,187,195,121,125,195,205,118,118,305,333,222,238,168,172,13
Eau97AI071,,,,A,M,,0,0,1,0,0,0,0,0,1,1;,00100000 1;,126,140,122,129,189,189,166,180,104,116,114,116,195,199,125,127,203,211,118,120,305,309,0,0,168,184,12
Eau97AI075,,,,B+,M,,0,0,1,0,0,0,0,0,1,1;,00100000 1;,122,126,131,133,203,205,166,178,112,116,110,118,193,199,125,125,209,211,122,122,301,337,0,0,172,180,12
Eau98AI001,,,,B',M,Ad,0,0,0,1,0,0,0,0,1,1;,00010000 1;,130,148,129,137,193,201,162,166,108,112,114,118,195,199,123,123,197,201,108,120,305,313,206,222,176,180,13
Eau98AI002,,,,B',M,Ad,0,0,0,1,0,0,0,0,1,1;,00010000 1;,122,126,0,0,0,0,162,162,116,116,116,116,0,0,123,123,201,205,108,124,305,316,202,206,172,180,10
Eau98AI003,,,,B+,M,Ad,0,0,0,1,0,0,0,0,1,1;,00010000 1;,122,126,131,133,195,201,166,166,116,116,112,118,187,193,117,125,195,207,118,120,301,305,238,238,168,176,13
Eau98AI010,Eau98AI028,,,B+,M,Ad,0,0,0,1,0,0,0,0,1,1;,00010000 1;,122,144,133,139,0,0,178,178,112,116,110,114,187,193,121,123,197,211,122,126,305,313,218,218,176,180,12
Eau98AI016,,,,B',M,subadult,0,0,0,1,0,0,0,0,1,1;,00010000 1;,0,0,122,133,0,0,168,178,112,116,114,116,193,231,123,123,195,195,118,120,301,301,206,206,184,184,11
Eau98AI017,,,,A,M,,0,0,0,1,0,0,0,0,1,1;,00010000 1;,126,130,133,141,193,195,162,174,108,116,110,118,187,195,125,125,0,0,118,124,305,317,218,222,172,176,12
Eau98AI018,,,,B+,M,,0,0,0,1,0,0,0,0,1,1;,00010000 1;,122,142,129,133,0,0,162,166,112,116,114,118,187,193,121,125,205,211,120,124,301,313,222,234,176,180,12
Eau98AI019,,,,N/A,M,,0,0,0,1,0,0,0,0,1,1;,00010000 1;,126,142,122,133,191,197,166,178,116,120,114,116,187,189,123,123,199,203,118,126,305,337,222,238,184,184,13
Eau98AI024,,,,A,M,,0,0,0,1,0,0,0,0,1,1;,00010000 1;,122,142,133,133,203,207,174,178,116,116,114,116,193,221,123,125,197,205,118,120,305,329,238,238,172,184,13
Eau98AI031,,,,B+,M,AD,0,0,0,1,0,0,0,0,1,1;,00010000 1;,126,148,133,133,201,203,174,178,112,116,114,120,187,213,125,131,195,205,108,122,305,317,218,250,172,176,13
Eau98AI033,,,,A,M,,0,0,0,1,0,0,0,0,1,1;,00010000 1;,122,130,133,135,199,203,166,178,112,116,110,116,187,187,117,121,191,205,120,124,301,309,234,238,168,172,13
Eau98AI045,Eau98AI032 & Eau98AI119,,,A,M,,0,0,0,1,0,0,0,0,1,1;,00010000 1;,122,126,0,0,0,0,162,166,0,0,114,120,187,199,0,0,195,210,124,124,301,341,234,238,176,184,9
Eau98AI050,Eau98AI071 & Eau98AI041,,,B',M,COW -71,0,0,0,1,0,0,0,0,1,1;,00010000 1;,122,128,122,139,191,203,0,0,112,120,112,118,193,209,121,127,203,205,118,122,301,333,206,222,176,184,12
Eau98AI054,,,,B+,M,mottled,0,0,0,1,0,0,0,0,1,1;,00010000 1;,126,126,133,133,0,0,166,170,104,116,116,120,193,199,119,123,197,209,118,120,301,305,234,234,172,180,12
Eau98AI056,Eau98AI046,,,B+,M,,0,0,0,1,0,0,0,0,1,1;,00010000 1;,122,126,122,133,193,205,166,178,112,116,112,116,193,199,125,127,197,205,120,122,305,317,218,218,168,172,13
Eau98AI060,Eau98AI038 & Eau98AI039,,,A,M,,0,0,0,1,0,0,0,0,1,1;,00010000 1;,0,0,133,133,0,0,166,174,112,112,106,110,187,199,123,123,195,211,120,126,305,320,206,206,176,176,11
Eau98AI067,,,,A,M,,0,0,0,1,0,0,0,0,1,1;,00010000 1;,126,126,133,139,197,203,162,166,112,112,116,118,187,189,123,123,197,205,108,118,313,333,206,234,168,176,13
Eau98AI069,,,,A,M,WHITEPATCH,0,0,0,1,0,0,0,0,1,1;,00010000 1;,126,132,131,137,193,203,166,166,104,112,114,118,193,195,123,125,199,211,108,126,305,309,206,206,176,188,13
Eau98AI072,,,,D,M,,0,0,0,1,0,0,0,0,1,1;,00010000 1;,0,0,131,135,195,199,170,178,108,116,112,116,0,0,0,0,201,209,122,124,308,313,0,0,176,176,9
Eau98AI087,,,,B+,M,subadult,0,0,0,1,0,0,0,0,1,1;,00010000 1;,122,130,122,133,187,195,170,182,112,116,110,114,193,195,121,125,195,205,108,122,309,325,222,222,172,184,13
Eau98AI088,Eau98AI052,,,B+,M,WHITEY,0,0,0,1,0,0,0,0,1,1;,00010000 1;,124,140,122,135,189,201,174,178,104,116,108,112,189,213,125,125,197,197,118,118,301,313,238,238,172,176,13
Eau98AI089,,,,A,M,,0,0,0,1,0,0,0,0,1,1;,00010000 1;,136,158,133,135,189,201,166,166,112,120,0,0,193,195,123,125,197,210,118,120,301,313,0,0,172,172,11
Eau98AI090,,,,A,M,,0,0,0,1,0,0,0,0,1,1;,00010000 1;,132,142,133,133,189,201,166,178,112,112,114,118,195,199,123,123,210,211,108,126,329,341,206,206,172,172,13
Eau98AI092,,,,B',M,,0,0,0,1,0,0,0,0,1,1;,00010000 1;,122,124,135,145,193,195,170,178,112,116,114,114,193,195,117,119,195,209,118,126,301,305,226,226,168,176,13
Eau98AI094,,,,N/A,M,,0,0,0,1,0,0,0,0,1,1;,00010000 1;,122,124,133,141,193,203,166,182,112,112,0,0,193,199,123,125,197,211,108,120,301,301,210,238,168,184,12
Eau98AI095,,,,D,M,,0,0,0,1,0,0,0,0,1,1;,00010000 1;,122,140,129,133,187,189,174,178,108,124,116,120,189,193,123,123,197,205,118,120,301,301,234,234,172,172,13
Eau98AI099,,,,B+,M,ESCORT,0,0,0,1,0,0,0,0,1,1;,00010000 1;,124,132,137,141,195,201,170,178,112,116,116,116,0,0,125,125,195,205,118,124,313,313,214,238,172,184,12
Eau98AI111,,,,A,M,,0,0,0,1,0,0,0,0,1,1;,00010000 1;,126,134,133,141,193,193,166,170,108,120,112,118,193,195,119,121,195,210,108,122,301,325,206,206,172,176,13
Eau98AI114,Eau98AI043,,,B+,M,,0,0,0,1,0,0,0,0,1,1;,00010000 1;,138,140,133,135,197,199,170,180,112,116,112,114,187,195,123,125,195,205,108,124,317,333,210,238,176,188,13
Eau98AI121,,,,A,M,subadult,0,0,0,1,0,0,0,0,1,1;,00010000 1;,126,140,131,133,189,195,162,174,0,0,118,118,189,195,123,125,197,205,108,120,301,301,0,0,172,180,11
Eau98AI124,,,,B+,M,,0,0,0,1,0,0,0,0,1,1;,00010000 1;,126,142,133,133,203,203,178,178,112,120,0,0,193,195,119,123,0,0,118,124,301,305,238,238,172,176,11
Eau98AI140,Eau98AI030,,,PorHap4,M,,0,0,0,1,0,0,0,0,1,1;,00010000 1;,126,134,133,141,195,199,166,174,116,116,114,116,199,199,123,125,195,210,108,120,301,301,222,222,172,180,13
Eau98AI143,,,,B+,M,,0,0,0,1,0,0,0,0,1,1;,00010000 1;,126,136,129,131,199,199,174,174,112,112,114,118,193,195,119,125,197,211,118,120,305,309,214,214,172,172,13
Eau98AI148,,,,B+,M,,0,0,0,1,0,0,0,0,1,1;,00010000 1;,134,148,129,133,0,0,166,178,112,120,112,118,199,199,123,125,195,211,118,118,301,345,206,234,184,184,12
Eau98AI155,,,,N/A,M,,0,0,0,1,0,0,0,0,1,1;,00010000 1;,0,0,0,0,195,207,178,178,0,0,112,112,195,215,117,127,195,205,106,126,301,317,0,0,180,180,9
Eau98AI156,,,,N/A,M,,0,0,0,1,0,0,0,0,1,1;,00010000 1;,134,142,122,133,189,199,166,180,116,116,110,116,187,199,123,125,195,211,118,126,317,317,222,238,176,184,13
Eau98AI157,,,,N/A,M,,0,0,0,1,0,0,0,0,1,1;,00010000 1;,126,148,129,129,203,203,166,166,112,112,116,116,193,195,123,125,197,207,118,118,301,313,0,0,176,176,12
,,,,,,,29,21,31,51,53,60,48,76,0,,,,,,,,,,,,,,,,,,,,,,,,,,,,,
113 captured in 1990s,,,,,,,,,,,,,,,7,,,,,,,,,,,,,,,,,,,,,,,,,,,,,
208 captured in 2000s,,,,,,,,,,,369,,,,266,,,,,,,,,,,,,,,,,,,,,,,,,,,,,
7 captured in 2 surveys,,,,,,,,,,,,,,,,,,,,,,,,,,,,,,,,,,,,,,,,,,,,
307,once,,,,,,,,,,,,,,,,,,,,,,,,,,,,,,,,,,,,,,,,,,,
7,twice,,,,,,,,,,,,,,,,,,,,,,,,,,,,,,,,,,,,,,,,,,,
321,total,,,,,,,,,,,,,,,,,,,,,,,,,,,,,,,,,,,,,,,,,,,